year_ce,lead_concentration_pg_g,lead_flux_ug_m2_a,lead_emissions_kt_a
-1235.5,2.86,0.18021063073,0.264884350952811
-1234.5,3.86,0.33178450704,0.26488435095281077
-1233.5,2.24,0.1050863320800001,0.272070212910685
-1232.5,1.79,0.11094694755300002,0.3554816474422638
-1231.5,1.44,0.07088701472000002,0.3943562280492092
-1230.5,2.11,0.027822585645000012,0.33321322047994706
-1229.5,,,0.26488435095281077
-1228.5,6.99,1.2024341572319999,0.26488435095281077
-1227.5,2.55,0.17897529915599997,0.2510967557604709
-1226.5,2.05,0.16081370791199995,0.21817953705071474
-1225.5,1.41,0.08410045893,0.21817953705071474
-1224.5,1.75,0.093841502414,0.21817953705071474
-1223.5,1.7,0.125041650744,0.23012329861025693
-1222.5,1.61,0.04527193671000001,0.23012329861025693
-1221.5,1.67,0.04549152658400005,0.23012329861025693
-1220.5,1.34,0.022883355066,0.23012329861025693
-1219.5,1.33,0.022055844770999998,0.25593003417823956
-1218.5,2.01,0.20833135103199996,0.25593003417823956
-1217.5,1.68,0.10436517756000002,0.21253870161033037
-1216.5,3.29,0.47277224793399997,0.21253870161033037
-1215.5,2.57,0.20104994051199998,0.21253870161033037
-1214.5,1.71,0.121637638305,0.21253870161033037
-1213.5,1.23,0.06888729906300002,0.21253870161033037
-1212.5,1.51,0.086670716093,0.21253870161033037
-1211.5,1.45,0.05699343638999997,0.21253870161033037
-1210.5,1.08,0.04860699341400001,0.21253870161033037
-1209.5,0.86,0.01072977074400002,0.21253870161033037
-1208.5,1.22,0.009683173604000008,0.21253870161033037
-1207.5,1.86,0.10493478080000004,0.21253870161033037
-1206.5,2.43,0.1702314470240001,0.2573268466025506
-1205.5,2.0,0.154008751936,0.2573268466025506
-1204.5,2.02,0.16732457740799997,0.2701640448377356
-1203.5,1.78,0.14134665063400004,0.2701640448377356
-1202.5,1.36,0.08404222411200002,0.3183888038819907
-1201.5,2.6,0.28935628413000003,0.3183888038819907
-1200.5,1.44,0.08826491347399999,0.2701640448377356
-1199.5,2.19,0.11016963522999998,0.2701640448377356
-1198.5,1.3,0.029717534079999993,0.21644808019565037
-1197.5,1.93,0.12983510965,0.20609296886438822
-1196.5,1.37,0.024470974611000004,0.20509123561029802
-1195.5,1.5,0.039344028696,0.09648159323149734
-1194.5,2.03,0.14576796692499996,0.09648159323149734
-1193.5,1.49,0.083633729387,0.09648159323149734
-1192.5,1.27,0.03485879225699997,0.15420604641172622
-1191.5,1.54,0.02347832308499999,0.15420604641172622
-1190.5,0.97,0.010502048699999999,0.15420604641172622
-1189.5,1.83,0.09341267171600004,0.15420604641172622
-1188.5,1.79,0.11556917910600001,0.15420604641172622
-1187.5,1.19,0.06288336367499997,0.15420604641172622
-1186.5,2.66,0.17136951322400004,0.16768059168718139
-1185.5,1.45,0.05346138176400002,0.22907169636359082
-1184.5,1.49,0.004683146808000038,0.2340205892113605
-1183.5,9.09,1.4949088540420001,0.2389694820591303
-1182.5,1.66,0.09744886920599997,0.20332503687315584
-1181.5,1.72,0.06837812053200001,0.3296056185191478
-1180.5,5.51,0.6646904569140001,0.22916077720630543
-1179.5,,,0.22916077720630543
-1178.5,,,0.503635696232831
-1177.5,,,0.2389694820591303
-1176.5,2.8,0.31330424174999993,0.5911681800472348
-1175.5,1.45,0.08944912640999998,0.5911681800472348
-1174.5,1.4,0.06891421868099998,0.5453262092922887
-1173.5,10.3,1.8923515815340004,0.5911681800472348
-1172.5,,,0.5911681800472348
-1171.5,2.11,0.241071245415,0.6797350452268833
-1170.5,2.4,0.20368364115899998,0.679933802160448
-1169.5,,,0.679933802160448
-1168.5,4.5,0.567265312271,0.7617311597998695
-1167.5,,,0.6729655376866563
-1166.5,6.84,0.86469088426,0.5911681800472348
-1165.5,2.85,0.31346634310500004,0.7547628953260778
-1164.5,1.82,0.152077292232,0.7547628953260778
-1163.5,3.02,0.307783194885,0.601396755936058
-1162.5,2.29,0.16644759202000003,0.4281012826875884
-1161.5,1.52,0.089872174568,0.40817194882913854
-1160.5,3.53,0.351661305246,0.3729323085403074
-1159.5,2.75,0.18270147541800005,0.3285063502803995
-1158.5,2.0,0.09967105309900003,0.2444188437426178
-1157.5,1.21,0.048206453562,0.22258187808224703
-1156.5,2.22,0.13396092290100003,0.22038949433720437
-1155.5,1.52,0.08294175710300002,0.20471977564852256
-1154.5,1.5,0.09076620218600001,0.20339434307933196
-1153.5,1.38,0.08348225249999999,0.1939942408378676
-1152.5,0.97,0.010139902360000012,0.1182145194036728
-1151.5,1.46,0.07910850891600002,0.1939942408378676
-1150.5,1.37,0.04520115511800003,0.1108447611042962
-1149.5,1.04,0.005071972650000009,0.049248158388634486
-1148.5,1.13,0.0035863784999999857,0.049248158388634486
-1147.5,1.11,0.0005156553000000196,0.038431660798716086
-1146.5,1.67,0.10448055363900002,0.049248158388634486
-1145.5,1.15,0.020082804314999984,0.038431660798716086
-1144.5,1.34,0.013467945048000028,0.033026836316775186
-1143.5,1.93,0.05113090398599999,0.033026836316775186
-1142.5,1.43,0.01567196720800003,0.038431660798716086
-1141.5,1.37,0.052477854832000036,0.049248158388634486
-1140.5,1.43,-0.06214447608899998,0.049248158388634486
-1139.5,0.7,-0.013729480938000003,0.0757427721645388
-1138.5,0.92,0.01206795438999998,0.1253860177373636
-1137.5,1.48,0.030886987888000025,0.10404389438514587
-1136.5,1.84,0.09236736599999999,0.12868908475753915
-1135.5,3.22,0.34422710726800004,0.16527611726162425
-1134.5,2.23,0.151532431344,0.16527611726162425
-1133.5,2.79,0.18629738039500005,0.16527611726162425
-1132.5,1.46,0.042427843790999994,0.19675879106393285
-1131.5,2.09,0.166620866404,0.19675879106393285
-1130.5,,,0.2112635904698689
-1129.5,1.09,0.013022191182000029,0.2112635904698689
-1128.5,1.27,0.021183590103999995,0.2112635904698689
-1127.5,1.99,0.06810435223200005,0.2112635904698689
-1126.5,1.49,0.04664799972600002,0.3320574003815404
-1125.5,1.86,0.10419713010200005,0.36273029321725475
-1124.5,3.77,0.34758134427799997,0.37306155116810574
-1123.5,2.88,0.293390107651,0.37306155116810574
-1122.5,3.79,0.5471460439000001,0.37306155116810574
-1121.5,3.74,0.49711727027400004,0.37306155116810574
-1120.5,2.27,0.19163693704499998,0.37306155116810574
-1119.5,1.98,0.152129995815,0.37306155116810574
-1118.5,1.47,0.11319614132600002,0.36604090387546384
-1117.5,1.33,0.09485337645400001,0.2921871278580467
-1116.5,1.22,0.055900839359999975,0.277585809708922
-1115.5,1.42,0.027867870345000025,0.277585809708922
-1114.5,2.5,0.149267060624,0.277585809708922
-1113.5,1.26,0.08865610445600001,0.26922237152045053
-1112.5,2.26,0.11915038255500002,0.23260467183929584
-1111.5,1.75,0.08577975701100002,0.21740738025850828
-1110.5,2.96,0.17092004727599996,0.21740738025850828
-1109.5,2.38,0.11380694052099997,0.21740738025850828
-1108.5,1.77,0.10978563222200004,0.2103538426982035
-1107.5,1.11,0.05270235358400001,0.15329392108314777
-1106.5,1.14,0.06251140998,0.12923961295684483
-1105.5,2.02,-0.01587490054400002,0.04932410913682487
-1104.5,0.95,-0.018578014463999995,0.04932410913682487
-1103.5,0.84,-0.05547464304200004,0.04932410913682487
-1102.5,1.02,0.020113776112999995,0.04932410913682487
-1101.5,1.28,0.01654049544,0.04932410913682487
-1100.5,1.11,-0.007745423759999993,0.04932410913682487
-1099.5,1.16,0.027211214279999976,0.051317977084673116
-1098.5,1.26,0.020926851386000006,0.06672883775537164
-1097.5,2.14,0.11801269059200002,0.06672883775537164
-1096.5,1.32,0.04830566251,0.1184578050478507
-1095.5,2.19,0.22130389019399999,0.13548309188662022
-1094.5,1.95,0.10886667409800001,0.13548309188662022
-1093.5,1.06,0.055248368901,0.13548309188662022
-1092.5,1.02,0.012582803268000008,0.13548309188662022
-1091.5,1.59,0.10603678930100001,0.13548309188662022
-1090.5,1.55,0.08653514872000001,0.21220625583467498
-1089.5,1.33,0.042271153155000005,0.21220625583467498
-1088.5,1.25,-0.01355348039699997,0.13548309188662022
-1087.5,1.93,0.050834184038000024,0.21220625583467498
-1086.5,3.41,0.263241567,0.21220625583467498
-1085.5,2.92,0.19696753047000004,0.21220625583467498
-1084.5,2.83,0.14155105428,0.23053195597311626
-1083.5,1.44,0.03356570858000002,0.2354957275915148
-1082.5,1.71,0.11727378458799997,0.23658222351975117
-1081.5,1.41,0.06545392457999998,0.23658222351975117
-1080.5,2.04,0.09400814795200008,0.2354957275915148
-1079.5,1.51,0.09603231408,0.23053195597311626
-1078.5,2.54,0.16282436289000007,0.23053195597311626
-1077.5,1.91,0.09647537399999999,0.23301384178231552
-1076.5,1.57,0.05599807621999998,0.23301384178231552
-1075.5,1.77,0.07225547017499999,0.23301384178231552
-1074.5,2.07,0.07707732704,0.21225449620374495
-1073.5,2.87,0.29267696832,0.18310105338150232
-1072.5,3.97,,0.16242492795960373
-1071.5,4.14,0.2918448221239999,0.16242492795960373
-1070.5,1.23,0.06021437847800001,0.16242492795960373
-1069.5,1.07,0.011372336892000044,0.13703311485539166
-1068.5,1.28,-0.013099015739999997,0.13703311485539166
-1067.5,2.13,0.026934254985000013,0.13703311485539166
-1066.5,1.87,0.11890096096200004,0.14766101397217793
-1065.5,1.43,0.051546520624000024,0.14766101397217793
-1064.5,1.54,0.034598583540000026,0.1550337858894794
-1063.5,2.9,0.240811978286,0.1550337858894794
-1062.5,2.26,0.1906848273,0.2034958866427148
-1061.5,1.44,0.10075042083199998,0.2034958866427148
-1060.5,1.84,0.08298316534200001,0.1550337858894794
-1059.5,1.3,0.06322090583900003,0.1550337858894794
-1058.5,1.53,0.03765864465000003,0.2034958866427148
-1057.5,2.74,0.15667689387200004,0.1550337858894794
-1056.5,1.37,0.016112509980000023,0.14923332065129213
-1055.5,1.67,0.059954224284,0.1470230495350097
-1054.5,1.1,0.033025973340000035,0.14306897927078818
-1053.5,1.97,0.10144992506400001,0.14306897927078818
-1052.5,1.28,0.023637378298000025,0.1470230495350097
-1051.5,1.68,0.06085554615600002,0.14306897927078818
-1050.5,1.53,0.05834180217600001,0.1470230495350097
-1049.5,0.96,0.041574154523999984,0.14923332065129213
-1048.5,1.37,0.07616149200600003,0.15779465524637631
-1047.5,1.4,0.06434675502499998,0.15779465524637631
-1046.5,1.45,0.05260549097899999,0.1667769462443197
-1045.5,1.86,0.14575063822200005,0.18676740372482248
-1044.5,2.09,0.06800962483199997,0.18676740372482248
-1043.5,2.4,0.18517392734800003,0.18676740372482248
-1042.5,2.17,0.102992299015,0.22939263456701714
-1041.5,2.52,0.21550972311000005,0.23079802721106077
-1040.5,2.08,0.17431023198599999,0.23079802721106077
-1039.5,1.32,0.05481411504300004,0.22939263456701714
-1038.5,1.0,0.03747270140800002,0.22939263456701714
-1037.5,1.42,0.09354354644,0.15192530254663394
-1036.5,1.53,0.09411664859000005,0.15192530254663394
-1035.5,1.42,0.05280034112,0.15192530254663394
-1034.5,1.0,0.03752593447400002,0.15192530254663394
-1033.5,1.07,0.007294207613999992,0.1580156999401829
-1032.5,1.5,0.06195330386700001,0.22939263456701714
-1031.5,1.52,0.06443689438200001,0.1580156999401829
-1030.5,1.74,0.112223030675,0.15192530254663394
-1029.5,2.03,0.15464249732799995,0.15192530254663394
-1028.5,3.17,0.35599421487,0.15507644833958445
-1027.5,4.11,0.3049185564960001,0.15507644833958445
-1026.5,1.44,0.029289104908,0.1580156999401829
-1025.5,1.0,0.010538607940000009,0.15507644833958445
-1024.5,0.8,0.04711382363200001,0.15507644833958445
-1023.5,1.28,0.06323830307100001,0.15507644833958445
-1022.5,1.08,0.023435558625,0.15507644833958445
-1021.5,2.19,0.09387981941,0.15507644833958445
-1020.5,1.32,0.04250176967400002,0.15507644833958445
-1019.5,2.08,0.153707691333,0.15507644833958445
-1018.5,1.66,0.078323274967,0.19206864691752043
-1017.5,1.73,0.105996362445,0.20520772766192102
-1016.5,1.45,0.083681233439,0.20520772766192102
-1015.5,1.08,0.04160634361000002,0.19206864691752043
-1014.5,1.18,0.04986531933399998,0.19206864691752043
-1013.5,1.2,0.086725225697,0.1272733083459994
-1012.5,1.49,0.08938958703900002,0.12228248137768456
-1011.5,1.16,0.051900518307,0.11241549754564474
-1010.5,1.28,0.04584168247199998,0.11241549754564474
-1009.5,1.55,0.036094421520000024,0.12228248137768456
-1008.5,1.22,0.011346362213999995,0.11984440294582208
-1007.5,0.96,0.016185763166000008,0.11241549754564474
-1006.5,1.32,-0.00036921750499997936,0.11241549754564474
-1005.5,1.37,0.08117021714800003,0.11241549754564474
-1004.5,1.44,0.05594567147400003,0.13719305564572823
-1003.5,,,0.19905007527055438
-1002.5,,,0.21798720330023144
-1001.5,1.97,0.179710634708,0.22878184495363127
-1000.5,1.58,0.10339094112000002,0.2535409579440374
-999.5,7.59,1.1365040828879998,0.2535409579440374
-998.5,1.37,0.09329447381100005,0.2535409579440374
-997.5,1.41,0.088892549291,0.24487873305773378
-996.5,1.9,0.17019251754400003,0.24487873305773378
-995.5,1.72,0.13345944997600004,0.2362165081714302
-994.5,1.12,0.043242018534,0.2324991765625307
-993.5,0.83,0.03191999939999999,0.22878184495363127
-992.5,1.4,0.096326239697,0.22710185573583075
-991.5,0.91,,0.2362165081714302
-990.5,1.48,,0.17112848334264447
-989.5,2.2,,0.10604045851385878
-988.5,,,0.15724624401877885
-987.5,,,0.2362165081714302
-986.5,,,
-985.5,,,
-984.5,,,
-983.5,,,0.11724043574220476
-982.5,,,0.23430635143084116
-981.5,,,0.11724043574220476
-980.5,,,0.12136927758043861
-979.5,,,0.12549811941867242
-978.5,1.05,0.04780923400700003,0.12136927758043861
-977.5,1.77,0.14328536768000003,0.11724043574220476
-976.5,1.08,0.018204600720000012,0.12136927758043861
-975.5,1.16,0.051176617697999985,0.12549811941867242
-974.5,1.89,0.11852909420800001,0.13598586276450883
-973.5,1.09,0.03690828037200002,0.14647360611034524
-972.5,1.57,-0.019175567951999928,0.29066357036885604
-971.5,3.44,0.122893720143,0.14647360611034524
-970.5,1.75,0.059730167889999984,0.28055573797804306
-969.5,2.73,0.257957271033,0.29066357036885604
-968.5,2.56,0.27449014626,0.2931378511539471
-967.5,1.86,0.139114207824,0.3013667463786663
-966.5,1.02,0.028651388759999993,0.3013667463786663
-965.5,1.61,0.11440724221200005,0.2931378511539471
-964.5,1.44,0.11953807603499998,0.2931378511539471
-963.5,2.13,0.19344617917999996,0.28055573797804306
-962.5,1.46,0.155323747098,0.20310443455880436
-961.5,1.33,0.06603561673800004,0.20310443455880436
-960.5,1.81,0.07830843479200003,0.28055573797804306
-959.5,1.43,0.03414300671999997,0.2931378511539471
-958.5,1.44,0.08282353590900002,0.38089344389444235
-957.5,1.22,0.052183878785000005,0.38089344389444235
-956.5,3.16,0.266948350682,0.37835695634340655
-955.5,4.71,0.786514784454,0.5488187484529569
-954.5,3.01,0.4401582289559999,0.5488187484529569
-953.5,3.32,0.223801658584,0.5488187484529569
-952.5,3.05,0.4022890803359999,0.5488187484529569
-951.5,1.83,0.154289398103,0.5488187484529569
-950.5,2.58,0.25176284233,0.37835695634340655
-949.5,1.95,0.15166423142199997,0.3747409634365026
-948.5,0.95,-0.01744274735800003,0.3719193780811969
-947.5,1.54,0.03632975857500002,0.2668768339785818
-946.5,2.03,0.15281483985899996,0.2668768339785818
-945.5,1.27,0.043793461593,0.25682327924448156
-944.5,1.47,0.03561342479999999,0.23500662441112163
-943.5,2.2,0.10882915033500005,0.19042135556590367
-942.5,1.93,0.10472943211200002,0.22205471312745642
-941.5,1.76,0.11093024963999999,0.228530668769289
-940.5,1.28,0.07765152944500002,0.228530668769289
-939.5,1.6,0.095832863709,0.228530668769289
-938.5,1.26,0.058419933084000016,0.228530668769289
-937.5,1.5,0.09055123068300004,0.2081920576730782
-936.5,2.73,,0.1923753788923018
-935.5,1.64,0.12993400056600002,0.18934294316662584
-934.5,1.55,0.067960625986,0.19129696649302397
-933.5,1.5,0.07924518368000003,0.19129696649302397
-932.5,0.89,0.010079230140000015,0.19129696649302397
-931.5,1.62,0.076772002336,0.19129696649302397
-930.5,1.13,0.023491254516,0.19129696649302397
-929.5,4.6,0.41707144163999993,0.18472166263358822
-928.5,4.34,0.41017766165999997,0.19129696649302397
-927.5,1.06,0.034082720939999984,0.21909854569002551
-926.5,1.61,0.10191948026,0.24993256061270297
-925.5,,,0.26087688832905637
-924.5,1.12,0.07388252464700003,0.26087688832905637
-923.5,1.89,0.181951870633,0.24993256061270297
-922.5,1.62,0.11509248867000003,0.18117879449982838
-921.5,,,0.18117879449982838
-920.5,1.24,0.10638244494900001,0.14684195094064575
-919.5,1.04,0.059880374464000005,0.16401037272023702
-918.5,0.89,0.03969976062999999,0.13421652975604104
-917.5,0.87,0.016059781254000004,0.12751549309195895
-916.5,1.26,0.0008401880760000171,0.12751549309195895
-915.5,1.58,0.038546845238000026,0.1334398776124815
-914.5,1.67,0.12204636423999998,0.1334398776124815
-913.5,1.43,0.049583385852,0.1334398776124815
-912.5,2.13,0.054415170792,0.29424020594559014
-911.5,3.11,0.2976001725,0.29424020594559014
-910.5,1.99,0.13915759160799998,0.29424020594559014
-909.5,2.03,0.13387938220999993,0.29424020594559014
-908.5,2.19,0.11998760300800003,0.27328529353649766
-907.5,1.96,0.12158281047599998,0.27328529353649766
-906.5,1.18,0.02776582368,0.29424020594559014
-905.5,1.97,0.11144244275999998,0.29424020594559014
-904.5,1.26,0.04401494991700001,0.29424020594559014
-903.5,1.19,0.063481162979,0.2837627497410439
-902.5,1.33,0.014090202945000027,0.28571867752917945
-901.5,2.09,0.15187788857999995,0.2932659866756436
-900.5,1.66,0.12773821354700002,0.3428449998708037
-899.5,7.98,1.196591710624,0.3428449998708037
-898.5,,,0.3428449998708037
-897.5,2.84,0.26763954544599994,0.3428449998708037
-896.5,2.99,0.2671248995360001,0.3428449998708037
-895.5,2.31,0.17227218729600002,0.294834740086229
-894.5,1.88,0.11145708578399999,0.2748720011618912
-893.5,2.41,0.10963192175900006,0.2710833181133767
-892.5,1.63,0.10173237335999999,0.26884543426063967
-891.5,1.68,0.02628873450000003,0.2494737267714588
-890.5,1.87,0.11272188015600003,0.23505315041603994
-889.5,1.78,0.08499868473600002,0.23505315041603994
-888.5,2.28,0.03916115865599997,0.20843845426395774
-887.5,1.56,0.09585183645200003,0.20843845426395774
-886.5,1.0,0.022209137279999985,0.20843845426395774
-885.5,0.99,0.074457055302,0.20843845426395774
-884.5,2.04,0.181561786957,0.20843845426395774
-883.5,1.91,0.024143571144000012,0.18258769020247836
-882.5,1.3,0.08722163866799999,0.21388970427947496
-881.5,1.73,0.14090126052000002,0.21388970427947496
-880.5,1.36,0.038695188017000004,0.21388970427947496
-879.5,1.69,0.09220372286999998,0.21388970427947496
-878.5,1.45,0.06695704415400001,0.21388970427947496
-877.5,1.97,0.184583952828,0.2183632863464212
-876.5,1.9,0.14364280958999998,0.22610704544543697
-875.5,1.22,0.004947287675999983,0.22392626391740714
-874.5,1.14,0.03206284382999996,0.22610704544543697
-873.5,1.98,0.09705413279000001,0.23800148768782584
-872.5,1.54,0.089045911416,0.2589913205374955
-871.5,2.05,0.12381428268599999,0.24849640411266072
-870.5,1.63,0.091314426496,0.24849640411266072
-869.5,2.17,0.149508302057,0.26658975889776493
-868.5,2.7,0.10561353317200001,0.28890619889284663
-867.5,1.89,0.111810635995,0.3351283449632678
-866.5,1.6,,0.3741590775688628
-865.5,1.92,0.1556468056,0.41605721475676527
-864.5,1.96,0.20441290606799997,0.4504287637746813
-863.5,1.92,0.18863947375799997,0.4504287637746813
-862.5,3.54,0.35440666378400004,0.4504287637746813
-861.5,3.83,0.41511120991200007,0.4504287637746813
-860.5,2.33,0.18367941090000003,0.41605721475676527
-859.5,2.7,,0.40906762040666134
-858.5,1.71,0.10791978577199995,0.34952614964514583
-857.5,2.09,0.14994626124799998,0.32370645266835957
-856.5,2.07,0.135118825284,0.29035696160885593
-855.5,1.54,0.10784001540000002,0.29035696160885593
-854.5,1.59,0.10481324652500003,0.26454903148367775
-853.5,1.64,0.128888339944,0.26445122283471234
-852.5,1.62,0.10292403645600004,0.2570288135623951
-851.5,1.36,0.059714191968000034,0.25239598862180546
-850.5,1.79,0.155915775,0.25239598862180546
-849.5,1.45,0.09851854118399998,0.25239598862180546
-848.5,1.31,0.09174948556300001,0.25239598862180546
-847.5,1.84,0.09599214673300002,0.24159259057376545
-846.5,2.58,0.09700370316000005,0.23787782137276528
-845.5,2.22,0.13583969119100006,0.24159259057376545
-844.5,3.39,0.11208814675599998,0.24159259057376545
-843.5,1.7,0.15336533549700002,0.27486872442435584
-842.5,1.01,0.057543633329000005,0.28747918670599315
-841.5,1.29,0.07944080796200002,0.3331135693156593
-840.5,3.77,0.331739893488,0.3331135693156593
-839.5,2.22,0.20608854746400002,0.28747918670599315
-838.5,1.65,0.11723054100199998,0.28747918670599315
-837.5,2.17,0.15900673126800005,0.2244647039510296
-836.5,2.43,0.208845824852,0.25925980370316026
-835.5,1.53,0.09153399584000002,0.28747918670599315
-834.5,1.28,0.07863361037999998,0.25925980370316026
-833.5,0.87,-0.20418356158200004,0.24186225382709495
-832.5,1.92,-0.027228262954000028,0.21409557628517087
-831.5,1.78,0.10572301736500002,0.21409557628517087
-830.5,1.83,0.15203232257200003,0.21409557628517087
-829.5,1.03,0.053691374825999984,0.1982780585609655
-828.5,1.9,,0.23149312616123616
-827.5,1.76,0.08307718573200003,0.24082698123389112
-826.5,3.15,0.28399925334799997,0.27162381716701595
-825.5,1.55,0.11580680815300003,0.2914195258292025
-824.5,1.1,0.046113673088,0.2914195258292025
-823.5,1.73,0.12186791927999999,0.3006064554687098
-822.5,1.24,0.090689652515,0.3023616899098862
-821.5,1.89,0.123299446101,0.3023616899098862
-820.5,1.78,0.124866045625,0.2988512210275334
-819.5,2.68,0.20361191843000004,0.2988512210275334
-818.5,3.0,0.26298298075,0.3023616899098862
-817.5,1.94,0.17424819629999996,0.3023616899098862
-816.5,1.94,0.11907877323999999,0.3062033915108865
-815.5,1.83,0.061979531926000045,0.3396739444262819
-814.5,1.31,0.07025957865600004,0.3588713564823266
-813.5,1.86,0.14634340577,0.3396739444262819
-812.5,1.4,0.10016970711999998,0.2920115235533935
-811.5,1.69,0.138514932944,0.24564167058602798
-810.5,2.64,0.207910573497,0.24564167058602798
-809.5,2.72,0.25497770955200005,0.3396739444262819
-808.5,1.48,-0.0066818159749999955,0.35280398664164603
-807.5,1.44,0.03469153096199999,0.35280398664164603
-806.5,1.68,0.07460489985900003,0.35280398664164603
-805.5,2.22,0.14386920561299998,0.35280398664164603
-804.5,2.48,0.224835208497,0.35280398664164603
-803.5,2.06,0.172256424936,0.3170570433802097
-802.5,2.49,0.21229085458400004,0.35280398664164603
-801.5,1.97,0.10938048539900001,0.4224166887077524
-800.5,2.2,0.11471486198400005,0.5205913211633768
-799.5,6.8,0.5705071592700001,0.535972298807248
-798.5,,,0.5205913211633768
-797.5,,,0.9598101930365375
-796.5,7.74,1.375020028952,1.3990290649096986
-795.5,4.16,0.574385025435,1.4037838233614655
-794.5,,,1.4085385818132319
-793.5,,,1.4085385818132319
-792.5,,,1.2205720202464834
-791.5,,,1.032605458679735
-790.5,,,0.7300558025469238
-789.5,3.16,,0.5662995288476977
-788.5,3.5,0.42108403724699994,0.5577731876894669
-787.5,2.57,0.29770794078999996,0.5492468465312361
-786.5,2.72,0.22397623181100001,0.4820992802626619
-785.5,1.64,0.169212298388,0.41495171399408776
-784.5,2.1,0.230930109747,0.4820992802626619
-783.5,1.94,0.135141240784,0.4820992802626619
-782.5,1.4,0.11620020585599997,0.41495171399408776
-781.5,1.06,0.06147668559600002,0.41495171399408776
-780.5,1.04,0.030331836300000005,0.41495171399408776
-779.5,3.32,0.28662557095,0.536195825466405
-778.5,,,0.3314007907748231
-777.5,,,0.31294583768704193
-776.5,4.81,0.44633081001599995,0.3827317749881432
-775.5,2.74,0.24563827513800002,0.3827317749881432
-774.5,2.23,0.218654183013,0.3827317749881432
-773.5,1.28,0.05996979201000003,0.3556437388848057
-772.5,1.68,0.12761553375999998,0.3556437388848057
-771.5,2.27,0.15607339632000003,0.3556437388848057
-770.5,2.8,0.08727212379899996,0.3207507702342551
-769.5,2.33,0.133981048255,0.3207507702342551
-768.5,,,0.26829495268360687
-767.5,,,0.31287500758581643
-766.5,,,0.2682241225823813
-765.5,1.35,0.09119935027800004,0.22138065015205108
-764.5,2.18,0.17103694624100005,0.2330742778901413
-763.5,1.76,0.089353361604,0.2330742778901413
-762.5,2.01,0.12755776643999994,0.2330742778901413
-761.5,2.28,-0.06043744555200009,0.2330742778901413
-760.5,1.29,0.08178974157,0.2330742778901413
-759.5,1.46,0.09889040198399998,0.23081086036202053
-758.5,3.35,0.1430720313600001,0.23081086036202053
-757.5,,,0.22735847725919445
-756.5,,,0.22735847725919445
-755.5,,,0.2654398760448038
-754.5,1.3,0.08653768132100004,0.31961218801998026
-753.5,1.58,0.11759595049800003,0.3399261823561383
-752.5,1.92,-0.020491024619999992,0.3186521424458371
-751.5,3.17,0.31530608375999997,0.30830103222986127
-750.5,2.33,0.214945028562,0.29833814810967907
-749.5,2.36,0.19263712406399994,0.30830103222986127
-748.5,2.08,0.13416355369200003,0.32900325266181285
-747.5,1.64,0.12572143818099998,0.36160934159368846
-746.5,1.34,0.06083150308800002,0.4117996730054294
-745.5,1.6,0.08775956151600005,0.37890146561755517
-744.5,2.0,0.178112031678,0.37890146561755517
-743.5,1.87,0.17318406938000003,0.37890146561755517
-742.5,1.84,0.14745992303700003,0.4117996730054294
-741.5,1.96,0.16792693413399992,0.42469150948426765
-740.5,2.46,0.15451144240999998,0.42469150948426765
-739.5,2.73,0.24604182991199997,0.42469150948426765
-738.5,2.55,0.18852053812899996,0.4117996730054294
-737.5,2.42,0.23588417622,0.37890146561755517
-736.5,2.42,0.22398533445299998,0.4047420378225668
-735.5,1.58,0.09666245195100003,0.4047420378225668
-734.5,2.24,0.148282972143,0.4047420378225668
-733.5,2.34,0.089943201789,0.363627667923923
-732.5,1.32,0.08549736441600002,0.3356736726272699
-731.5,2.16,0.165048915728,0.3243381548112224
-730.5,2.07,0.18316317183999997,0.3243381548112224
-729.5,1.86,0.13688367040800006,0.3243381548112224
-728.5,1.4,0.06953892815999997,0.31535266493238945
-727.5,2.13,0.009982671707999964,0.31535266493238945
-726.5,1.98,0.13226118312,0.3243381548112224
-725.5,1.76,0.136768609497,0.3243381548112224
-724.5,1.45,0.128597008848,0.31535266493238945
-723.5,1.99,0.11766504765100004,0.31535266493238945
-722.5,1.74,0.11663506239600002,0.3243381548112224
-721.5,2.69,0.20625307085500003,0.33039598768240863
-720.5,2.29,0.22987521042600007,0.33539151392670236
-719.5,1.77,0.09363973518900001,0.33039598768240863
-718.5,2.08,0.15873089357899997,0.33039598768240863
-717.5,2.11,0.15245085450800003,0.36520315769630857
-716.5,1.95,0.13473149421599998,0.3738483785197737
-715.5,2.0,0.148925437848,0.36520315769630857
-714.5,1.29,0.09895395510000002,0.33039598768240863
-713.5,2.21,0.07389719348399999,0.33039598768240863
-712.5,2.3,0.22661694953999995,0.2917246203695254
-711.5,3.9,0.398963003328,0.28873144120105015
-710.5,2.15,0.11774119526400002,0.28873144120105015
-709.5,1.99,0.11896177758600002,0.24339155150464584
-708.5,1.52,0.06759931761400001,0.28669179830534375
-707.5,1.4,0.08369451236099999,0.28669179830534375
-706.5,1.56,0.09925213572900003,0.24339155150464584
-705.5,2.02,0.12605859409,0.24339155150464584
-704.5,1.18,0.05102387503199998,0.24339155150464584
-703.5,1.5,0.11690945352,0.2056831650673866
-702.5,1.58,0.081201175984,0.24339155150464584
-701.5,1.75,0.06184340642700004,0.28669179830534375
-700.5,2.31,0.22042400385600003,0.30912782451183823
-699.5,2.3,0.273436370208,0.28669179830534375
-698.5,1.23,0.08387511107199998,0.4919707225604604
-697.5,2.23,0.20215465578,0.4919707225604604
-696.5,2.57,0.23248403543299997,0.4919707225604604
-695.5,2.75,0.24260496235199996,0.4919707225604604
-694.5,1.63,0.06109590637199998,0.22208135275147747
-693.5,2.6,0.20061972007000003,0.22208135275147747
-692.5,2.02,0.089135657898,0.22208135275147747
-691.5,1.77,0.09056209400000001,0.2185833676105232
-690.5,1.76,0.08441095563199999,0.2185833676105232
-689.5,2.21,0.08042444992799999,0.2185833676105232
-688.5,2.27,0.14891991156,0.22208135275147747
-687.5,1.55,0.07394694568800005,0.22208135275147747
-686.5,1.7,0.08297837232,0.2543733270782483
-685.5,1.42,0.10721930459999998,0.2543733270782483
-684.5,1.53,0.10373037120200003,0.26292908163807155
-683.5,2.66,0.22359569475600005,0.36518960582862836
-682.5,2.65,0.28508233634200003,0.26292908163807155
-681.5,2.19,0.16586116749000002,0.26292908163807155
-680.5,1.24,0.06354869328400001,0.26292908163807155
-679.5,12.62,2.034965979381,0.388080637386349
-678.5,2.0,0.17333357802600002,0.40673388631140284
-677.5,1.46,0.099414372083,0.40673388631140284
-676.5,1.2,0.03640374868799999,0.388080637386349
-675.5,1.05,0.06077075235000001,0.388080637386349
-674.5,2.1,0.158254597818,0.42505814281710247
-673.5,2.3,0.18754498912,0.4065693901017257
-672.5,2.34,0.2401082835,0.32650319089999885
-671.5,1.73,0.10803351957000001,0.32650319089999885
-670.5,2.43,0.25224556140000004,0.32650319089999885
-669.5,2.61,0.23391265813999998,0.32650319089999885
-668.5,,,0.3309658732731864
-667.5,1.57,0.05735409718500003,0.2228708208189052
-666.5,1.06,0.009942977911000041,0.2000680679001556
-665.5,1.84,0.07373453952,0.2000680679001556
-664.5,1.18,0.003940817265000004,0.1868278103663515
-663.5,2.32,0.161894253787,0.18042655094071172
-662.5,2.27,0.07341699809400001,0.18042655094071172
-661.5,1.85,0.08943614498000003,0.18081589722416175
-660.5,2.9,0.293725187808,0.1928397235085412
-659.5,1.47,0.07863771068999999,0.2193202385761494
-658.5,1.17,0.03222603261000002,0.2211414751911415
-657.5,,,0.2211414751911415
-656.5,,,0.23767926703838277
-655.5,2.59,0.20507122327900001,0.3157477094718644
-654.5,1.71,0.09017882327999997,0.3157477094718644
-653.5,1.81,0.09692273510000006,0.35160414498104137
-652.5,2.11,0.128758103241,0.4341026549144212
-651.5,14.32,1.976906246758,0.39285339994773133
-650.5,1.92,0.19755483929999995,0.35160414498104137
-649.5,1.62,0.143379924672,0.35160414498104137
-648.5,2.36,0.18144440490599997,0.4341026549144212
-647.5,1.95,0.177021820846,0.44494795902920803
-646.5,1.61,0.088373438875,0.48445485320099524
-645.5,1.67,0.09424820436399997,0.48445485320099524
-644.5,4.98,0.5885061225120001,0.4591092479400001
-643.5,3.12,0.292533781014,0.5007965429394812
-642.5,2.65,0.290768651496,0.5198863202194116
-641.5,4.54,0.639760961295,0.5198863202194116
-640.5,4.49,0.7097965525959999,0.5198863202194116
-639.5,2.33,0.18721920752500001,0.5198863202194116
-638.5,2.32,0.20421878304799998,0.5007965429394812
-637.5,2.56,0.212003363712,0.4591092479400001
-636.5,2.88,0.16009580689999992,0.39259575166395
-635.5,2.23,0.13409098243200004,0.3288252894226714
-634.5,2.13,0.09278313142600003,0.22752790300546946
-633.5,1.42,0.06932045168399997,0.21343651368281802
-632.5,1.89,0.07501940225999999,0.21343651368281802
-631.5,1.78,0.08104300426600002,0.21343651368281802
-630.5,2.27,-0.03552771109400009,0.19873811683768094
-629.5,1.82,0.029499243032000005,0.18396670837257853
-628.5,1.57,0.08703683301499998,0.18396670837257853
-627.5,2.54,0.246465656704,0.19873811683768094
-626.5,1.72,0.135468319636,0.21343651368281802
-625.5,1.27,0.005289550228000008,0.2966499447582681
-624.5,1.24,0.051564202421999994,0.2966499447582681
-623.5,1.63,0.12097026539799999,0.2966499447582681
-622.5,1.99,0.16391555291,0.2966499447582681
-621.5,2.29,0.18674947068999997,0.18253291186394655
-620.5,3.63,0.22684983367499997,0.18253291186394655
-619.5,2.66,0.07443471735700001,0.2367489032222334
-618.5,1.94,0.010498717199999986,0.2966499447582681
-617.5,1.74,0.05805304230400005,0.3116823647676018
-616.5,1.44,0.07064091518999997,0.3116823647676018
-615.5,1.48,0.09654334397000003,0.2367489032222334
-614.5,3.24,0.30453992002400004,0.2367489032222334
-613.5,3.48,0.28656061,0.2367489032222334
-612.5,1.89,0.12710030475999998,0.2367489032222334
-611.5,3.0,0.24093320326399995,0.24973048607599874
-610.5,1.05,0.055778767338000024,0.24973048607599874
-609.5,1.63,0.10183707670399998,0.24973048607599874
-608.5,1.39,0.037578553375999975,0.2491592805307372
-607.5,1.62,0.09491329707600002,0.2327516124874601
-606.5,1.99,0.10813161176999997,0.16979455859335627
-605.5,1.48,0.057957192446000026,0.16979455859335627
-604.5,1.67,0.004741419759999989,0.16979455859335627
-603.5,1.69,0.10160414598,0.16979455859335627
-602.5,1.72,0.06924017071000003,0.20127308554040815
-601.5,1.39,0.020843895660999985,0.20947691956204673
-600.5,2.39,0.18967701527500008,0.20947691956204673
-599.5,1.36,-0.09707841425999994,0.29286897351853447
-598.5,2.36,0.2140809203,0.37593246548773634
-597.5,4.38,,0.37593246548773634
-596.5,2.48,0.13725271598400002,0.37593246548773634
-595.5,3.83,0.21938455894400005,0.37593246548773634
-594.5,2.93,0.16934872403200005,0.37593246548773634
-593.5,3.29,0.31698065112400003,0.4034594974969457
-592.5,1.55,0.05761092777300003,0.364105698515541
-591.5,1.41,0.08777732564999999,0.39163273052475034
-590.5,1.73,0.11885190765599998,0.415286264469141
-589.5,2.6,0.256717973304,0.415286264469141
-588.5,2.12,0.15970309850800005,0.39163273052475034
-587.5,1.57,0.09541354066200002,0.39163273052475034
-586.5,5.04,0.6099080280960001,0.4589775288411286
-585.5,3.41,0.42822829449,0.5500356105856649
-584.5,2.31,0.18716549406700006,0.5897867790920136
-583.5,2.13,0.129746476758,0.5500356105856649
-582.5,1.76,0.224297880268,0.5500356105856649
-581.5,2.7,0.3251474154240001,0.5500356105856649
-580.5,3.5,0.4110517135230001,0.4589775288411286
-579.5,,,0.31817145342459474
-578.5,,,0.2909445186976349
-577.5,1.96,0.09436237512499998,0.2909445186976349
-576.5,1.54,0.033493784166000046,0.2909445186976349
-575.5,1.5,0.09390703561900002,0.2909445186976349
-574.5,1.34,0.07990232769500002,0.2909445186976349
-573.5,1.58,0.11864366154400001,0.2611725650230787
-572.5,2.21,0.15236405086,0.26872867323096866
-571.5,2.08,0.12854766574400006,0.2909445186976349
-570.5,1.99,0.137857750983,0.31523166305620426
-569.5,2.4,0.184878018755,0.3163859247183229
-568.5,1.62,0.08521571986100003,0.33806236664073774
-567.5,2.38,0.10958430802100003,0.34043385600548676
-566.5,2.32,0.13882481571,0.34043385600548676
-565.5,2.12,0.129018359712,0.34043385600548676
-564.5,2.11,0.18166736632199998,0.3452932061356592
-563.5,2.16,0.22447061059500004,0.34043385600548676
-562.5,1.52,0.144888087474,0.34043385600548676
-561.5,1.59,0.14080640001600003,0.3452932061356592
-560.5,1.83,0.07302523974000005,0.3452932061356592
-559.5,2.38,0.144749424435,0.354962507696902
-558.5,1.46,0.08661978361999997,0.354962507696902
-557.5,1.99,0.11842425026800002,0.35012785691628057
-556.5,2.03,0.15135189007799996,0.3178498362113618
-555.5,2.14,0.11785114511300004,0.2897037662805295
-554.5,2.2,0.19858093504000002,0.3226844869919832
-553.5,2.27,0.18619831263000003,0.2897037662805295
-552.5,,,0.29626549673903335
-551.5,1.45,0.07516252377100002,0.2955627967324984
-550.5,1.94,0.10570208377800001,0.2741047677413133
-549.5,1.78,0.171148925584,0.24408824107818294
-548.5,1.85,0.08309204005800001,0.22329366327442302
-547.5,1.87,0.12320273400800003,0.21069109440821895
-546.5,1.8,0.093370390871,0.21761931360111222
-545.5,1.68,0.08874252831399997,0.22896801294773375
-544.5,1.28,0.03152450980000001,0.21761931360111222
-543.5,1.6,0.005318854141000024,0.2037628752153257
-542.5,1.36,0.078029657952,0.21761931360111222
-541.5,1.81,0.15810583512600002,0.21761931360111222
-540.5,2.09,0.178424204016,0.21761931360111222
-539.5,1.83,0.07024380721200002,0.37596604258299476
-538.5,1.39,0.07060815320399999,0.37975118755592663
-537.5,2.03,0.16956217852799998,0.37975118755592663
-536.5,1.77,0.15763445126,0.38655987985500473
-535.5,1.78,0.153314412342,0.38655987985500473
-534.5,2.96,0.21617940537,0.38655987985500473
-533.5,2.21,0.154857948756,0.4158097093358482
-532.5,1.68,0.09359954376299998,0.4158097093358482
-531.5,2.29,0.20185134727100004,0.38655987985500473
-530.5,2.24,0.18919227117600002,0.4254043992052254
-529.5,1.91,0.18525171116,0.4542844450343515
-528.5,2.01,0.17347477719999996,0.4542844450343515
-527.5,1.28,0.135491561744,0.46394770325088164
-526.5,1.31,0.12498382049999998,0.49191358467682866
-525.5,2.0,0.210049726722,0.46394770325088164
-524.5,3.63,0.410702277664,0.4542844450343515
-523.5,1.92,0.210330953196,0.4254043992052254
-522.5,1.95,0.20059641993100003,0.3378367505928374
-521.5,2.37,0.268983056516,0.3378367505928374
-520.5,1.25,0.06202852595400001,0.34311384395078454
-519.5,1.3,0.062277684348,0.34311384395078454
-518.5,1.13,0.05053525569,0.34311384395078454
-517.5,1.6,0.13776574748300002,0.34311384395078454
-516.5,1.74,0.09404356459800002,0.34311384395078454
-515.5,1.73,0.139917682433,0.34311384395078454
-514.5,3.07,0.351352587422,0.35558841405510416
-513.5,2.25,0.23798036903199998,0.3752472652698514
-512.5,4.42,0.4688884742500001,0.3752472652698514
-511.5,1.94,0.14500466149,0.3752472652698514
-510.5,1.81,0.15302130363300004,0.3752472652698514
-509.5,2.31,0.24577252738500002,0.38946186778477876
-508.5,2.09,0.15881784689599998,0.38946186778477876
-507.5,0.82,0.0067711551039999875,0.3752472652698514
-506.5,1.59,0.09743942577900001,0.3752472652698514
-505.5,1.82,0.14780712566400003,0.3752472652698514
-504.5,2.27,0.25747423133999997,0.36620400133847586
-503.5,2.08,0.208056159199,0.3624607709906614
-502.5,1.53,0.12394057033800003,0.30393389006058863
-501.5,3.63,0.265865885645,0.3624607709906614
-500.5,2.25,0.14933356979999998,0.36620400133847586
-499.5,1.9,0.11870253459399997,0.5102067680015291
-498.5,2.47,0.12321796725000007,0.4076767863741836
-497.5,1.65,0.11694793408199998,0.4076767863741836
-496.5,2.65,0.22295573932799997,0.4076767863741836
-495.5,3.73,0.39233823428799997,0.4076767863741836
-494.5,2.72,0.2613240963850001,0.4292001261957612
-493.5,2.19,0.16624567075000002,0.4292001261957612
-492.5,2.35,0.17502262883300002,0.4682357785644914
-491.5,2.92,0.161256034128,0.5467443386817892
-490.5,3.02,0.23665519191600004,0.5803388905336686
-489.5,2.17,0.19094089650999996,0.5803388905336686
-488.5,1.7,0.09941102209799997,0.4682357785644914
-487.5,2.88,0.25606021823999997,0.4682357785644914
-486.5,4.07,0.44992092516200016,0.4682357785644914
-485.5,2.82,0.316560955988,0.5803388905336686
-484.5,3.47,0.3085858199520001,0.49458794956695507
-483.5,2.36,0.14467296412800004,0.49458794956695507
-482.5,2.26,0.11858375128499997,0.49458794956695507
-481.5,2.3,0.17500858353,0.49458794956695507
-480.5,3.16,0.27157179115300006,0.49458794956695507
-479.5,2.61,0.20168699364000006,0.49458794956695507
-478.5,2.44,0.10911331566400001,0.49458794956695507
-477.5,2.45,0.11032464177000004,0.6481806559317578
-476.5,2.59,0.268504634958,0.6584418482142681
-475.5,2.97,0.26432024465000015,0.6659632974961907
-474.5,9.51,1.292598329682,0.7813706067838468
-473.5,15.32,2.1789351436340003,0.7813706067838468
-472.5,4.76,0.4859868698569999,0.7813706067838468
-471.5,4.09,0.31863349832699994,0.7813706067838468
-470.5,4.56,0.603692219844,0.7813706067838468
-469.5,2.83,0.344659689496,0.7813706067838468
-468.5,2.35,0.16656185520000005,0.6325943505099285
-467.5,2.61,0.206580523926,0.5201642824077836
-466.5,3.24,0.18599378322800006,0.5142611768743764
-465.5,2.45,0.19601045220000002,0.5142611768743764
-464.5,2.41,0.25796433750500003,0.5142611768743764
-463.5,2.37,0.15657795813800005,0.5065881339448162
-462.5,2.98,0.212116713336,0.5142611768743764
-461.5,2.48,0.20970949818,0.5142611768743764
-460.5,3.37,0.257134620096,0.5142611768743764
-459.5,2.31,0.24739982622000004,0.5142611768743764
-458.5,1.93,0.20265189101500003,0.4969541240318072
-457.5,2.71,0.279902593884,0.5142611768743764
-456.5,1.85,0.12155669884800002,0.4969541240318072
-455.5,2.24,0.20230285925300007,0.49609820912928543
-454.5,1.92,0.13165723834600002,0.32301461158929523
-453.5,2.05,0.12683024411999996,0.32285712818658296
-452.5,2.91,0.28684983796300006,0.32285712818658296
-451.5,1.85,0.131721458176,0.3110201071981586
-450.5,1.93,0.109210806864,0.32285712818658296
-449.5,1.97,0.09218453739499996,0.32285712818658296
-448.5,3.41,0.07275003658400013,0.3110201071981586
-447.5,2.62,0.16918387571300006,0.32301461158929523
-446.5,2.12,0.11552256443000007,0.32301461158929523
-445.5,2.43,0.28897297410800005,0.32484053864233897
-444.5,2.88,0.240719763769,0.32484053864233897
-443.5,1.73,0.12201591692599997,0.32484053864233897
-442.5,2.58,0.23197793247200008,0.32484053864233897
-441.5,1.66,0.13246604917999996,0.29921414900298093
-440.5,1.98,0.13879129499999998,0.29921414900298093
-439.5,2.23,0.04969889639999999,0.29921414900298093
-438.5,1.68,0.04448269916,0.29921414900298093
-437.5,2.04,0.11666956320600004,0.32484053864233897
-436.5,1.42,0.11589051376,0.28610352607032796
-435.5,1.53,0.11460596253400003,0.28610352607032796
-434.5,1.83,0.18269921936,0.28610352607032796
-433.5,8.85,1.6151131356919999,0.34279489471012636
-432.5,3.15,0.25803743292000003,0.44802508411640435
-431.5,1.02,0.031112938890000018,0.4822869854712375
-430.5,2.71,0.21487431678500005,0.5269266294037139
-429.5,2.88,0.28648157778100003,0.5269266294037139
-428.5,2.1,0.139787618784,0.5269266294037139
-427.5,3.12,0.262985885088,0.4822869854712375
-426.5,2.64,0.19667080901700004,0.4822869854712375
-425.5,2.69,0.24032110499999998,0.4822869854712375
-424.5,1.84,0.129654904896,0.43232377132889577
-423.5,2.18,0.12868590150000003,0.43232377132889577
-422.5,1.92,0.17629641359999998,0.4822869854712375
-421.5,2.88,0.27158250654599997,0.43232377132889577
-420.5,2.1,0.14778793309600002,0.3624137059187758
-419.5,1.7,0.11992942997000001,0.3179468958631615
-418.5,2.84,0.257344937766,0.31557065238755844
-417.5,2.61,0.250094627388,0.3112317301760063
-416.5,1.87,0.126916541415,0.3112317301760063
-415.5,1.49,0.10811058005999998,0.3112317301760063
-414.5,1.91,0.10846978480799999,0.29409755081912287
-413.5,2.19,0.11742463512099997,0.28795515499034646
-412.5,1.36,0.0027845180000000296,0.26599557804860713
-411.5,1.72,0.13031836652499998,0.26599557804860713
-410.5,2.42,0.23671721051999997,0.26599557804860713
-409.5,1.45,0.08865762725999995,0.26599557804860713
-408.5,1.35,0.07680360854400001,0.27076672312462596
-407.5,1.97,0.090380401237,0.27076672312462596
-406.5,2.04,0.18348400785,0.31043331231439136
-405.5,1.62,0.11041540015800005,0.27076672312462596
-404.5,1.35,0.07243581275400002,0.23531295005827566
-403.5,1.83,0.126590956252,0.23531295005827566
-402.5,2.57,0.322746684244,0.27076672312462596
-401.5,2.35,0.23657106254400004,0.31043331231439136
-400.5,1.58,0.09595777960900002,0.29871477176407857
-399.5,1.5,0.070949061261,0.31043331231439136
-398.5,1.67,0.08354781680399996,0.4107431380869574
-397.5,1.91,0.167496091952,0.45130876504759315
-396.5,2.02,0.194607377088,0.45130876504759315
-395.5,1.6,0.12181227691800005,0.451189916994379
-394.5,3.55,0.341315647074,0.451189916994379
-393.5,2.54,0.184038264793,0.451189916994379
-392.5,4.34,0.55195006299,0.451189916994379
-391.5,3.44,0.33817735442200003,0.451189916994379
-390.5,2.22,0.18398979999200002,0.451189916994379
-389.5,1.97,0.157621077248,0.451189916994379
-388.5,1.84,0.10995504827500002,0.38652708336647973
-387.5,1.46,0.09868274336400001,0.36420227997760496
-386.5,1.13,0.05637138236399999,0.36420227997760496
-385.5,2.29,0.24558252690399998,0.36420227997760496
-384.5,1.72,0.115681214046,0.36420227997760496
-383.5,1.33,0.07781753596800002,0.36420227997760496
-382.5,2.1,0.148517292,0.36420227997760496
-381.5,2.12,0.17454879130000003,0.3808301909523509
-380.5,2.33,0.201008614896,0.3808301909523509
-379.5,2.24,0.17050471683200005,0.36420227997760496
-378.5,2.38,0.24474757910599998,0.36420227997760496
-377.5,1.71,0.120020195269,0.36420227997760496
-376.5,2.32,0.155297953312,0.2943201304823626
-375.5,1.63,0.07243664811600001,0.2943201304823626
-374.5,1.6,0.09455226158,0.23186626136756458
-373.5,1.25,0.05556617576999996,0.23186626136756458
-372.5,1.22,0.061890226097,0.23186626136756458
-371.5,1.2,0.04543969007999998,0.23186626136756458
-370.5,1.92,0.16115032976000002,0.1776331364685985
-369.5,1.44,0.054741085556000005,0.23186626136756458
-368.5,1.62,0.12540660601500003,0.307251175981437
-367.5,2.01,0.15499349131199996,0.307251175981437
-366.5,1.75,0.12529331947999997,0.307251175981437
-365.5,1.81,0.05986622514600002,0.307251175981437
-364.5,3.98,0.364035899344,0.307251175981437
-363.5,1.73,0.13957811313600002,0.307251175981437
-362.5,1.32,0.06177465567700003,0.3039834640554644
-361.5,1.27,0.04884591502500001,0.3007157521294918
-360.5,1.54,0.080400558332,0.19716267554882988
-359.5,2.29,0.16062733089,0.19716267554882988
-358.5,1.68,0.12262825254900002,0.19716267554882988
-357.5,,,0.1514872116197413
-356.5,,,0.11978264200842928
-355.5,0.86,0.017138402004000002,0.1251431439567788
-354.5,1.55,0.046633990618000026,0.1251431439567788
-353.5,1.45,0.12470462594999997,0.1251431439567788
-352.5,1.13,0.014889345135999996,0.1251431439567788
-351.5,1.29,0.041307246289999995,0.15883213271237076
-350.5,1.24,0.05103186299099999,0.1925211214679628
-349.5,1.58,0.07850778862500003,0.24161215540517086
-348.5,2.09,0.182190203,0.30580754929698284
-347.5,2.19,0.19379006423999998,0.27682321861928205
-346.5,1.61,0.09852651948600004,0.32980362511048456
-345.5,3.16,0.25347300776,0.3485780925635534
-344.5,3.52,0.27589475935700003,0.3485780925635534
-343.5,2.13,0.13448993591199998,0.39767746936917947
-342.5,2.02,0.11288516588799997,0.3485780925635534
-341.5,2.28,0.142145937036,0.33919085883701894
-340.5,3.02,0.2232219526,0.3485780925635534
-339.5,2.01,0.130190069408,0.33919085883701894
-338.5,,,0.33919085883701894
-337.5,,,0.4479876270435807
-336.5,,,0.6171933434635148
-335.5,,,0.6171933434635148
-334.5,,,0.6446485634260422
-333.5,8.27,1.6868939584299996,0.9472824165357686
-332.5,5.43,1.134538005184,1.207575307668116
-331.5,2.26,0.28014603299999996,0.9472824165357686
-330.5,2.3,0.220719384371,0.7326153836238458
-329.5,2.91,0.24561376695300002,0.7098024545136338
-328.5,4.12,0.4924346288880001,0.6869895254034214
-327.5,4.62,0.61819281242,0.6869895254034214
-326.5,2.3,0.25824653101499995,0.6332863609711539
-325.5,3.1,0.298751707046,0.6023076014486631
-324.5,2.18,0.18037486148500004,0.6023076014486631
-323.5,1.06,0.055838005127000004,0.5771449802522798
-322.5,4.3,0.43310314883499995,0.4423251657691261
-321.5,1.42,0.09696150980999997,0.4423251657691261
-320.5,1.49,0.10387777398500002,0.420436469614272
-319.5,2.07,0.23535275386999996,0.420436469614272
-318.5,1.8,0.17144891550100003,0.420436469614272
-317.5,2.18,0.16938709466500002,0.5771449802522798
-316.5,2.74,0.251789275584,0.5771449802522798
-315.5,1.81,0.17106569172000005,0.6174515237027234
-314.5,4.24,0.47368035144000015,0.6174515237027234
-313.5,3.03,0.269439156558,0.6607335335313443
-312.5,4.02,0.3814036141119999,0.7299157267709862
-311.5,2.84,0.31244328775099994,0.7299157267709862
-310.5,2.79,0.29765081958000006,0.7299157267709862
-309.5,2.02,0.18477084740400002,0.7480531791909183
-308.5,3.1,0.31414786562700003,0.7210480370403807
-307.5,4.21,0.498980973725,0.7210480370403807
-306.5,2.5,0.23490999767600002,0.6759814305156746
-305.5,2.5,0.260895583665,0.6079208714296181
-304.5,,,0.6079208714296181
-303.5,2.76,0.29041854599199995,0.6312533749706967
-302.5,1.9,0.139557344508,0.599391732678741
-301.5,1.93,0.13860263168599998,0.599391732678741
-300.5,1.98,0.148063555338,0.5832337190263391
-299.5,2.69,0.274801951532,0.5832337190263391
-298.5,2.3,0.25393942408,0.6227242362198195
-297.5,3.02,0.19908102753000007,0.6227242362198195
-296.5,2.55,0.2725939994899999,0.6684700130572813
-295.5,2.24,0.22173191196000003,0.6738844746122202
-294.5,2.47,0.283828985712,0.6863288021707298
-293.5,3.24,0.32371592096000007,0.6960210648066588
-292.5,4.28,0.47965352512800014,0.6960210648066588
-291.5,2.88,0.31062699735300003,0.6960210648066588
-290.5,2.65,0.279876598044,0.7044515678549002
-289.5,2.98,0.29070470039999996,0.7373093476025898
-288.5,3.23,0.375846841044,0.7777853138382105
-287.5,2.69,0.22777465122,0.7373093476025898
-286.5,2.41,0.19297020666800005,0.6996054365369355
-285.5,,,0.6996054365369355
-284.5,2.32,0.32559875453,0.7350459387395122
-283.5,4.75,0.67774319558,0.6937054717794607
-282.5,2.34,0.22179760977799998,0.6023522985997718
-281.5,2.64,0.25698841392700006,0.6315219812812535
-280.5,3.84,0.44222882307999994,0.6315219812812535
-279.5,2.94,0.308781015746,0.6302011369830384
-278.5,1.87,0.203589364095,0.623351983802232
-277.5,2.53,0.23427557389599996,0.623351983802232
-276.5,3.77,0.258065662638,0.623351983802232
-275.5,1.88,0.18578532740999998,0.623351983802232
-274.5,2.03,0.215332187304,0.623351983802232
-273.5,2.9,0.254195411964,0.623351983802232
-272.5,2.74,0.3049309962,0.6328428255794689
-271.5,2.44,0.23633269733700002,0.6328428255794689
-270.5,3.25,0.3993549362729999,0.623351983802232
-269.5,4.02,0.50273368026,0.7241657579936845
-268.5,2.8,0.333502141644,0.7477685766845413
-267.5,2.78,0.3405899320629999,0.7828004445975267
-266.5,2.04,0.234553445973,0.826522847450387
-265.5,1.87,0.17568846768000002,0.826522847450387
-264.5,3.05,0.29530605174399993,0.7753057280370363
-263.5,2.61,0.37536575165999997,0.7753057280370363
-262.5,2.21,,0.7839962629769115
-261.5,2.95,0.3611988006100001,0.7284724507786227
-260.5,2.13,0.298818486372,0.8092653640071678
-259.5,2.62,0.249440127849,0.8986892427842055
-258.5,4.82,0.46720849890400007,0.8986892427842055
-257.5,3.04,0.37175044230000004,0.8467431462816859
-256.5,1.94,0.213791318334,0.8857515844507748
-255.5,3.14,0.37463763612,0.9116269011176363
-254.5,3.91,0.5790740862599999,0.9116269011176363
-253.5,2.42,0.317344987015,0.9187070367558571
-252.5,2.96,0.3293844605,0.9116269011176363
-251.5,3.13,0.39364101990399997,0.9187070367558571
-250.5,5.2,0.8657415110630001,0.942007608723673
-249.5,3.64,0.325283535812,0.9203569243724322
-248.5,5.03,0.6385150389920001,0.9203569243724322
-247.5,2.79,0.356979860831,0.9203569243724322
-246.5,3.77,0.46973564577,0.9203569243724322
-245.5,,,0.873226312478555
-244.5,2.5,0.35520243105599997,0.8693756832284567
-243.5,3.3,0.43146339532499994,0.873226312478555
-242.5,2.97,0.3538393806080001,0.8693756832284567
-241.5,1.73,0.206664833142,0.802473052997461
-240.5,3.22,0.3006382615500001,0.7468275739045213
-239.5,2.67,0.21270073368999998,0.7564134513673008
-238.5,3.57,0.47236248440499995,0.7372416964417423
-237.5,1.88,0.21600773287799999,0.6867411895189737
-236.5,2.0,0.20024892703499997,0.5297060547465481
-235.5,2.55,0.30845627170799994,0.5297060547465481
-234.5,3.35,0.434602916358,0.5297060547465481
-233.5,2.25,0.28004476462500005,0.5297060547465481
-232.5,1.98,0.21169633105500002,0.5297060547465481
-231.5,1.62,0.169056104565,0.5670597566770713
-230.5,1.58,0.12842079362100003,0.5670597566770713
-229.5,2.45,0.236094669988,0.5191333978344076
-228.5,1.55,0.20009530043999998,0.4906847118721493
-227.5,2.44,0.29986022629500003,0.4515794770286409
-226.5,2.4,0.23124012147599998,0.4330740819654028
-225.5,2.0,0.18414865787,0.4515794770286409
-224.5,1.57,-0.06300874552499995,0.47113209445039506
-223.5,2.11,0.07598516404400003,0.4515794770286409
-222.5,1.47,0.15652631162999997,0.41771095793748053
-221.5,2.57,,0.38384243884632024
-220.5,2.18,,0.38384243884632024
-219.5,2.67,,0.38384243884632024
-218.5,,,0.4161323566016509
-217.5,,,0.4914019086468298
-216.5,,,0.5622557033767522
-215.5,2.59,0.272143831104,0.5622557033767522
-214.5,2.61,0.231081779062,0.5578399460614956
-213.5,2.07,0.16969375018699995,0.4869861513315733
-212.5,2.34,,0.4161323566016509
-211.5,3.11,0.22748039403700002,0.4869861513315733
-210.5,1.25,,0.5578399460614956
-209.5,1.49,0.085642575348,0.5578399460614956
-208.5,2.42,0.13184195107500002,0.5578399460614956
-207.5,1.71,0.09825003542800001,0.940526248555562
-206.5,11.04,1.98338177877,1.0093255685050395
-205.5,4.77,0.731768471206,1.2087061203683704
-204.5,4.11,0.5461452102470001,1.078124888454517
-203.5,3.62,0.43964631105799995,1.078124888454517
-202.5,3.76,0.383535247223,1.078124888454517
-201.5,11.19,1.577558443377,1.078124888454517
-200.5,8.65,1.255961086344,0.9948808036513903
-199.5,3.41,0.39463968526400006,0.9948808036513903
-198.5,3.01,0.40570037845499995,0.9677571628682353
-197.5,2.84,0.320773710348,0.940526248555562
-196.5,2.64,0.237467982052,0.7960817800666418
-195.5,2.49,0.20699472173800007,0.7960817800666418
-194.5,4.01,0.45450789195,0.7866189525299012
-193.5,3.18,0.3246325371530001,0.6989277583784659
-192.5,2.78,0.285014300252,0.6881773284216338
-191.5,3.23,0.28063040472800005,0.6881773284216338
-190.5,7.28,1.048862876567,0.6989277583784659
-189.5,2.57,0.26308941941999997,0.7421371960532976
-188.5,2.13,0.11989679675600003,0.7421371960532976
-187.5,2.37,0.16141297956,0.7421371960532976
-186.5,3.05,0.30263458717799996,0.7964377159836541
-185.5,3.33,0.3598570768170001,0.8507382359140107
-184.5,4.29,0.5678047939409999,0.7421371960532976
-183.5,4.06,0.457601890304,0.8389350104824386
-182.5,3.13,0.34692077986599995,0.8507382359140107
-181.5,3.07,,0.8507382359140107
-180.5,2.79,,0.8507382359140107
-179.5,3.25,0.23086607020799996,0.8389350104824386
-178.5,3.17,0.34210756705999995,0.6508881448801869
-177.5,3.74,0.3953769492390001,0.6508881448801869
-176.5,3.61,0.26542432595000004,0.6508881448801869
-175.5,2.45,0.21152152717500003,0.6467889717245225
-174.5,3.05,0.21419088602800002,0.6426897985688586
-173.5,2.47,0.12065710271400006,0.6426897985688586
-172.5,3.39,0.29994648786600003,0.6420419298536248
-171.5,3.17,0.319789213975,0.6251473915749352
-170.5,2.63,0.26208113932,0.6251473915749352
-169.5,2.5,0.254927557574,0.6420419298536248
-168.5,2.44,0.17899161082499998,0.6420419298536248
-167.5,2.99,0.261816946281,0.6420419298536248
-166.5,2.47,0.23464928935500004,0.6251473915749352
-165.5,3.61,0.38969253022199996,0.5754199058397576
-164.5,3.18,0.33406925728400005,0.5754199058397576
-163.5,2.48,0.162266223405,0.5754199058397576
-162.5,2.11,0.11094775143999998,0.6420419298536248
-161.5,2.75,0.12990590977599997,0.6992325446004393
-160.5,1.96,0.229934765583,0.7305010998740566
-159.5,3.56,0.412013742519,0.7305010998740566
-158.5,4.32,0.44217870570000006,0.7305010998740566
-157.5,3.16,0.28513858839300005,0.8672945896350533
-156.5,3.39,0.29788952766300003,0.8672945896350533
-155.5,3.91,0.46549064179200006,0.8672945896350533
-154.5,2.57,0.353672260994,0.8672945896350533
-153.5,3.93,0.6882722736180001,0.8672945896350533
-152.5,2.87,0.38512309099,0.8672945896350533
-151.5,2.48,0.220111561813,0.9444200464588368
-150.5,2.29,0.18481683868999998,1.1415017791253899
-149.5,3.01,0.3285086910479999,1.2651281554065819
-148.5,5.17,0.6048272892800001,1.2651281554065819
-147.5,5.72,0.76345036698,1.0207471952550569
-146.5,5.46,0.802432276338,1.0207471952550569
-145.5,3.97,0.518487568467,1.1385349961333149
-144.5,4.51,0.51590398524,1.1385349961333149
-143.5,2.85,0.326600726828,1.1385349961333149
-142.5,3.28,0.4162483806119999,1.0207471952550569
-141.5,3.08,0.30241441363200006,0.9919972895790793
-140.5,5.43,0.46428082351199995,0.9712835690027796
-139.5,4.35,0.40452451623499996,0.9712835690027796
-138.5,3.2,0.39607771110400003,0.9712835690027796
-137.5,3.21,0.37871150380799995,0.9712835690027796
-136.5,2.35,0.16276772394200004,0.9712835690027796
-135.5,1.89,0.21497820552000002,0.9712835690027796
-134.5,4.74,0.7464902247240001,0.9712835690027796
-133.5,5.26,0.6804528304979999,0.9712835690027796
-132.5,3.27,0.366553169001,1.0353391558809037
-131.5,3.91,0.457428057975,1.1217302672083673
-130.5,3.2,0.24006761920199998,1.1217302672083673
-129.5,4.04,0.42219880595600007,1.242091395193426
-128.5,7.76,1.3644810359879997,1.242091395193426
-127.5,8.69,1.237987049354,1.1217302672083673
-126.5,4.91,0.659266927745,1.1217302672083673
-125.5,3.0,0.436692908016,1.242091395193426
-124.5,4.15,0.506509872596,1.242091395193426
-123.5,4.72,0.61052570728,1.484221306628391
-122.5,2.66,0.289927860179,1.242091395193426
-121.5,3.04,0.367206831558,1.0744480203904945
-120.5,4.62,0.658210471072,1.0744480203904945
-119.5,3.2,0.4332827120320001,1.0744480203904945
-118.5,4.3,0.6052475267390001,1.0625197205786279
-117.5,3.6,0.43814692865999993,0.9541953131268429
-116.5,2.5,0.273682607185,1.0625197205786279
-115.5,4.13,0.4401259317,1.0625197205786279
-114.5,3.34,0.3891093266999999,1.0113001772864925
-113.5,2.06,0.24609671685,0.9541953131268429
-112.5,2.01,0.24919753945599996,0.9541953131268429
-111.5,3.28,0.545358886933,0.9541953131268429
-110.5,2.91,0.4123960007580001,0.9541953131268429
-109.5,2.24,0.23447619385200005,0.6110959256830807
-108.5,2.03,0.19767131865,0.6110959256830807
-107.5,4.34,0.418850458502,0.808432928995577
-106.5,5.46,0.6091895494019999,0.808432928995577
-105.5,2.72,0.24862293732600002,0.6096868547055005
-104.5,2.81,0.24784593416400003,0.6077814447741763
-103.5,4.66,0.6396369237149999,0.6077814447741763
-102.5,2.91,0.329669186545,0.6077814447741763
-101.5,2.17,0.180379065948,0.5479546506082825
-100.5,1.32,0.10067451078900003,0.48811073805909805
-99.5,2.29,0.199045665,0.48811073805909805
-98.5,2.12,0.15756200296200007,0.46083718118165606
-97.5,2.82,0.22344928991699997,0.46083718118165606
-96.5,1.77,0.16458603077400005,0.44233547618476887
-95.5,1.92,0.145390213094,0.4036069258544997
-94.5,2.27,0.234052652119,0.4036069258544997
-93.5,1.95,0.187923837836,0.4036069258544997
-92.5,2.24,0.22728422471400006,0.46083718118165606
-91.5,2.41,0.15080298701000006,0.46083718118165606
-90.5,1.34,0.11746702024600002,0.46083718118165606
-89.5,1.96,0.15708503586699996,0.46083718118165606
-88.5,3.08,0.37303237684800006,0.46083718118165606
-87.5,1.95,0.20327083028999995,0.49847192099731247
-86.5,2.23,0.205658018766,0.49847192099731247
-85.5,1.7,0.138144711194,0.49847192099731247
-84.5,1.96,0.18750241766099998,0.49847192099731247
-83.5,2.46,0.262810796352,0.5043259160034663
-82.5,2.61,0.25199224561199995,0.5043259160034663
-81.5,4.2,0.5383645783200001,0.5043259160034663
-80.5,2.06,0.16836841984499998,0.45980375142747243
-79.5,2.24,0.17416467299000005,0.45980375142747243
-78.5,3.03,0.284916973782,0.4270961996432847
-77.5,2.26,0.24920829897099997,0.41288230857168895
-76.5,1.3,0.09700735697100003,0.23788678144925798
-75.5,0.85,0.024826336572999985,0.23788678144925798
-74.5,1.41,0.07964857556699997,0.23788678144925798
-73.5,1.41,0.009231137571999986,0.23788678144925798
-72.5,2.49,0.06920240896800005,0.23788678144925798
-71.5,1.05,0.033328991982000025,0.23788678144925798
-70.5,2.43,0.21151845265000002,0.2895293201967825
-69.5,1.99,0.16453022086599997,0.2895293201967825
-68.5,2.27,0.21670487689499998,0.2895293201967825
-67.5,2.53,0.26848540735599996,0.2895293201967825
-66.5,2.04,0.17833794067000006,0.4034700657255191
-65.5,1.58,0.11806656068399998,0.4034700657255191
-64.5,1.66,0.10340750191999999,0.3382048353786551
-63.5,1.93,0.08927021303200001,0.3382048353786551
-62.5,1.34,0.08299511107100004,0.3382048353786551
-61.5,2.1,0.19405834503000002,0.2966364228375267
-60.5,1.82,0.13791584801400003,0.2966364228375267
-59.5,1.75,0.12096475132200005,0.3382048353786551
-58.5,2.36,0.17633261180600002,0.43241253856252077
-57.5,6.06,0.7116750085499999,0.4758805574545942
-56.5,1.37,0.07717962352100004,0.5368929230841483
-55.5,2.39,0.21893845100400003,0.6336030792041132
-54.5,3.07,0.34156024743499996,0.7904278051273345
-53.5,2.59,0.258375684886,0.7904278051273345
-52.5,3.67,0.4478373890999999,0.7904278051273345
-51.5,3.52,0.322326914445,0.6959923044111602
-50.5,4.24,0.4406000090100001,0.6959923044111602
-49.5,3.66,0.44722393677,0.6959923044111602
-48.5,2.64,0.28381725757000004,0.6959923044111602
-47.5,2.44,0.20061854869999998,0.741641685760677
-46.5,2.64,0.234625746106,0.6959923044111602
-45.5,2.76,0.27501704284999995,0.6744119333839502
-44.5,2.12,0.205241208822,0.6428029386477613
-43.5,2.74,0.333279007329,0.6428029386477613
-42.5,2.7,0.302432524064,0.5753621717883994
-41.5,3.59,0.1985487589139999,0.5753621717883994
-40.5,3.25,0.19060574814200001,0.6428029386477613
-39.5,3.18,0.26212727647800005,0.5033037917115547
-38.5,3.07,0.318814880128,0.486892197598126
-37.5,1.71,0.11588766205900002,0.4829262097568921
-36.5,2.02,0.141851213805,0.4674139092850788
-35.5,2.65,0.290777273325,0.4674139092850788
-34.5,1.93,0.157045332074,0.4195943188981251
-33.5,1.81,0.171105496608,0.3851152093534732
-32.5,2.09,0.19693147696199997,0.3851152093534732
-31.5,2.43,0.142461039764,0.4195943188981251
-30.5,2.98,0.19274137415400003,0.4195943188981251
-29.5,1.96,0.11904796476000001,0.4195943188981251
-28.5,2.11,0.11827781079400002,0.47046631951588935
-27.5,2.12,0.207201696968,0.47046631951588935
-26.5,3.8,0.4373103628319999,0.47046631951588935
-25.5,1.92,0.135753450272,0.472651008967383
-24.5,2.67,0.2496522069,0.47046631951588935
-23.5,2.54,0.191850484176,0.47046631951588935
-22.5,1.88,0.14417473842599998,0.47046631951588935
-21.5,2.2,0.23151541654500005,0.47046631951588935
-20.5,2.57,0.23832569961199998,0.35355323102662023
-19.5,1.37,0.10772552390400005,0.35355323102662023
-18.5,1.84,0.081297121932,0.3288978868444965
-17.5,1.12,0.06044422158800001,0.3288978868444965
-16.5,2.52,0.21734925021999998,0.3288978868444965
-15.5,1.78,0.13412058678400002,0.3288978868444965
-14.5,1.75,0.115850630228,0.3288978868444965
-13.5,1.96,0.08965895343999998,0.38570776484675473
-12.5,1.84,0.15728696904900005,0.4590651683194376
-11.5,3.29,0.3646770436620001,0.5329957974290762
-10.5,3.15,0.38855206232199996,0.625246420544488
-9.5,3.66,0.379750035024,0.8047744027547011
-8.5,2.27,0.187201232388,0.894281123555586
-7.5,3.05,0.25496794039200005,0.9117015456182223
-6.5,3.81,0.39232129069399996,0.9117015456182223
-5.5,8.79,1.3153993941739999,0.9312439428084653
-4.5,2.58,0.328177283721,0.9312439428084653
-3.5,2.85,0.371780881426,0.9620718680657842
-2.5,3.31,0.39419833111999997,0.9620718680657842
-1.5,3.06,0.367191385671,0.9666748499378164
-0.5,3.78,0.39892935211799996,0.9782765200927874
0.5,3.86,0.461694496494,0.9666748499378164
1.5,4.27,0.69609960848,0.9782765200927874
2.5,1.72,0.19369492860399998,1.1321926626310097
3.5,3.99,0.600088179015,1.3529197257915924
4.5,4.21,0.649543097011,1.3529197257915924
5.5,2.97,0.31636188255700004,1.3529197257915924
6.5,6.59,1.242433888802,1.3639375199599166
7.5,2.99,0.5517043275520002,1.3529197257915924
8.5,3.73,0.6107531128089999,1.3529197257915924
9.5,3.11,0.41603053915399996,1.1623573932116864
10.5,4.19,0.473995309383,1.086035414593079
11.5,4.16,0.556197250973,1.1623573932116864
12.5,3.35,0.442872128097,1.086035414593079
13.5,3.48,0.385673549037,1.086035414593079
14.5,3.53,0.44193975804,1.083749005408199
15.5,2.81,0.41602009944,1.083749005408199
16.5,4.24,0.57895655676,1.0201873915971884
17.5,2.49,0.2968107830800001,0.9457699099868456
18.5,4.77,0.736629269398,0.9457699099868456
19.5,2.09,0.24209718585099996,1.0201873915971884
20.5,2.82,0.29321458545599993,1.0188983273608836
21.5,2.63,0.23821423735199998,0.903743996233437
22.5,2.41,0.20620667529000003,0.903743996233437
23.5,4.42,0.6179426968050001,1.0188983273608836
24.5,3.45,0.43573319772500013,0.903743996233437
25.5,3.18,0.41549443461,0.903743996233437
26.5,3.02,0.36853588887499994,0.903743996233437
27.5,4.6,0.680572352512,1.0188983273608836
28.5,7.86,1.028211786084,1.0437136319329925
29.5,3.44,0.333489734842,1.0188983273608836
30.5,2.3,0.25637383764999994,1.0188983273608836
31.5,2.78,0.3218216533039999,1.1106736112664783
32.5,3.55,0.4529192871919999,1.1987038291691197
33.5,,,1.1106736112664783
34.5,,,1.1106736112664783
35.5,4.24,0.58225698204,1.1987038291691197
36.5,3.88,0.4888169470799999,1.2364578423987957
37.5,3.69,0.5137238533159999,1.2364578423987957
38.5,4.06,0.43017311946,1.2364578423987957
39.5,4.07,0.504212577792,1.2481198791377097
40.5,7.62,1.2577456303649999,1.2364578423987957
41.5,4.21,0.58115968596,1.2364578423987957
42.5,2.13,0.22981692010199997,1.259781915876623
43.5,3.16,0.3474473678660001,1.2364578423987957
44.5,5.76,0.601405268822,1.398454674302004
45.5,3.9,0.40316914013999994,1.398454674302004
46.5,4.39,0.698618709215,0.9886735616994587
47.5,4.9,0.79780371588,0.853842618076076
48.5,2.33,0.233429329219,0.853842618076076
49.5,4.01,0.5702729297159999,0.853842618076076
50.5,2.49,0.277791361224,0.8176941286628363
51.5,2.81,0.31870487445300005,0.7313804544443964
52.5,2.78,0.348186709426,0.626821761034621
53.5,1.73,0.16394691203,0.626821761034621
54.5,1.58,0.12730096312000003,0.7182642804204487
55.5,,,0.623596244340407
56.5,2.67,0.2307986757,0.6606452551216592
57.5,2.79,0.16452471384800005,0.6606452551216592
58.5,3.52,0.308007639677,0.6606452551216592
59.5,5.29,0.564018772185,0.8446686555995889
60.5,2.52,0.18518919097200004,1.1585709524414352
61.5,4.69,0.5937398148960001,1.3831178848853936
62.5,6.3,1.0527333101719998,1.3831178848853936
63.5,4.07,0.601236207968,1.3831178848853936
64.5,3.08,0.380883716932,1.3831178848853936
65.5,8.94,1.5348167574149998,1.1035550851094522
66.5,4.56,0.8067396271599999,1.1035550851094522
67.5,2.82,0.41530512935099995,1.01843410258267
68.5,3.6,0.4500164381820001,1.01843410258267
69.5,1.97,0.21690926489400003,0.934024019997477
70.5,2.55,0.29720971771499993,0.8690222655076367
71.5,2.72,0.3358910137770001,0.8690222655076367
72.5,2.7,0.27089707928400003,0.8690222655076367
73.5,3.39,0.5381029345390002,0.823690436273054
74.5,3.46,0.321821356464,0.7891880480131186
75.5,3.17,0.354376786353,0.7891880480131186
76.5,3.12,0.38173159874400003,0.7891880480131186
77.5,4.66,0.757183962717,0.7842691076927628
78.5,2.48,0.31981547199800003,0.7891880480131186
79.5,2.95,0.25264129589000006,0.7842691076927628
80.5,2.94,0.30672258124999996,0.7842691076927628
81.5,1.72,0.149179612064,0.7842691076927628
82.5,2.05,0.15456396887999996,0.7694708552940094
83.5,3.35,0.358363929448,0.7521620001788492
84.5,2.36,0.31378092335999996,0.7521620001788492
85.5,3.03,0.41587378498499994,0.7694708552940094
86.5,4.49,0.6608382344400001,0.7694708552940094
87.5,2.46,0.237202928865,0.8666436747531138
88.5,1.97,0.143813101055,0.8787997573150956
89.5,4.16,0.594570954996,0.8666436747531138
90.5,3.81,0.495749005944,0.8666436747531138
91.5,2.22,0.23488106311600004,0.7241628779942333
92.5,3.22,0.35340682576500004,0.5788351777260039
93.5,7.6,1.037119590471,0.7213159744848843
94.5,2.06,0.22483412887,1.04117334015455
95.5,1.6,0.14750992371200003,0.9713670596664804
96.5,0.76,,0.7519676769775989
97.5,1.7,0.17399759998599998,0.9713670596664804
98.5,6.17,0.683227727966,0.869125173361049
99.5,4.43,0.536527960875,0.869125173361049
100.5,4.07,0.4388166894120001,1.1958969242399238
101.5,3.0,0.25987985142500003,1.2400642378525604
102.5,4.77,0.667841123085,1.1644250718051208
103.5,2.21,0.27002081245399995,1.3157034039
104.5,5.58,0.6523203353320001,1.1644250718051208
105.5,3.86,0.569376050247,1.1644250718051208
106.5,3.38,0.4748384837459999,1.1644250718051208
107.5,2.29,0.32504205820899995,1.1644250718051208
108.5,10.03,1.8251565527879998,0.9651244077756614
109.5,2.85,0.39356607952799993,0.9651244077756614
110.5,4.81,0.5641338397499999,0.9243902122459223
111.5,2.98,0.37695516646,0.7970860301461139
112.5,2.36,0.300793478144,0.7970860301461139
113.5,2.24,0.26719162605800006,0.7450823997992438
114.5,1.9,0.14569800272500003,0.7376223271189102
115.5,1.97,0.21930700319000002,0.7005017949052704
116.5,2.68,0.3038356057020001,0.7005017949052704
117.5,10.1,1.46152846386,0.7005017949052704
118.5,2.03,0.210541348942,0.7005017949052704
119.5,1.41,0.141178675299,0.7450823997992438
120.5,2.67,0.285656173341,0.8700820517165935
121.5,9.19,1.3094421045989997,0.8700820517165935
122.5,3.63,0.442211182857,0.8700820517165935
123.5,3.82,0.354808954372,0.8238711137612753
124.5,7.09,0.7277718432800001,0.8238711137612753
125.5,4.81,0.5168847263789998,0.8238711137612753
126.5,3.11,0.31586302219500006,0.8700820517165935
127.5,2.55,0.25216711283999993,0.8700820517165935
128.5,3.02,0.335964691875,0.8700820517165935
129.5,1.66,0.13145773798399998,0.8238711137612753
130.5,2.25,0.25556829601599995,0.8238711137612753
131.5,3.83,0.46356247228799996,0.8238711137612753
132.5,3.41,0.37100477303999996,0.9097983299058664
133.5,3.96,0.39606527339400005,0.9097983299058664
134.5,3.41,0.309220007196,0.9097983299058664
135.5,5.59,0.7461513050580001,0.9097983299058664
136.5,5.15,0.5914175627360001,0.9097983299058664
137.5,3.58,0.38163426928200006,0.8033975453842377
138.5,1.92,0.17511920013600002,0.7582863255779982
139.5,2.3,0.27263805211799996,0.7582863255779982
140.5,2.95,0.327615817911,0.8033975453842377
141.5,2.86,0.272498515261,0.7397949057998333
142.5,3.87,0.301679429496,0.6804288900913718
143.5,2.75,0.26774626617900005,0.6804288900913718
144.5,5.52,0.8030080021399999,0.7397949057998333
145.5,3.17,0.4534558595340001,0.7397949057998333
146.5,2.02,0.251732442492,0.6804288900913718
147.5,2.61,0.27747068514,0.6804288900913718
148.5,2.42,0.30767942927999997,0.6804288900913718
149.5,3.55,0.46567485936999986,0.7507106014741701
150.5,2.4,0.12926883151000004,0.7322194546712286
151.5,2.49,0.24460954651900002,0.7063241723813003
152.5,2.13,0.21480473721999999,0.7063241723813003
153.5,2.93,0.3216474771560001,0.7414650280726993
154.5,2.9,0.306130718384,0.7414650280726993
155.5,2.91,0.298590252,0.7414650280726993
156.5,,,0.7507106014741701
157.5,2.27,0.27631120027500006,0.7513685572879876
158.5,3.85,0.44235028649400004,0.7513685572879876
159.5,3.0,0.30639902482,0.7507106014741701
160.5,2.57,0.31120827485999997,0.7513685572879876
161.5,,,0.7513685572879876
162.5,3.22,0.41909257665300004,0.7509167333502382
163.5,2.75,0.294415319184,0.7509167333502382
164.5,2.41,0.306030528128,0.7362231819918831
165.5,3.33,0.4527190516549999,0.6584804430623217
166.5,2.48,0.242625427758,0.5877459128864213
167.5,2.08,0.23412461124,0.5852611855242253
168.5,1.15,0.14398432219799998,0.5852611855242253
169.5,1.86,0.16910127926000001,0.5852611855242253
170.5,2.24,0.20738392069600003,0.5805123942194762
171.5,3.05,0.23672594462399998,0.5741332612802987
172.5,3.06,0.23866244437600007,0.5085582677347634
173.5,4.41,0.46814539952399997,0.47766679874694856
174.5,3.12,0.34161775327800004,0.47766679874694856
175.5,2.17,0.16339143208299997,0.47766679874694856
176.5,1.67,0.09134645529599998,0.40452099115469486
177.5,1.96,0.155147061996,0.40452099115469486
178.5,2.32,0.19478675265999992,0.4042024629049232
179.5,2.34,0.164958775566,0.4038839346551514
180.5,1.93,0.15356842819499997,0.40067746517647645
181.5,1.88,0.16469899161799997,0.38046016696002
182.5,2.03,0.178155133598,0.4038839346551514
183.5,4.14,,0.40452099115469486
184.5,2.56,,0.4038839346551514
185.5,1.44,0.12670848553,0.4038839346551514
186.5,1.65,0.15180077537599995,0.43688182683876586
187.5,2.71,0.307151748452,0.43688182683876586
188.5,2.2,0.20333032119,0.4078452417619073
189.5,1.84,0.12414291629599998,0.3900497302222264
190.5,2.0,0.18588741444800003,0.3722542186825455
191.5,3.91,0.3641283141440001,0.3722542186825455
192.5,1.7,0.166314364823,0.346782837284331
193.5,1.75,0.13257682120800002,0.346782837284331
194.5,1.38,0.07806540539999998,0.3251121799078919
195.5,1.76,0.141413853611,0.346782837284331
196.5,2.04,0.11356556815199997,0.346782837284331
197.5,1.3,0.08104367959199998,0.346782837284331
198.5,2.49,0.2476132078,0.346782837284331
199.5,1.55,0.109778220097,0.3703262188621215
200.5,2.28,0.20487863274299997,0.4734807252545283
201.5,3.07,0.220477283352,0.5024146626892105
202.5,2.41,0.19307972243700006,0.5024146626892105
203.5,2.24,0.15101456033000005,0.5024146626892105
204.5,3.03,0.34951130105999995,0.4734807252545283
205.5,3.14,0.2988973677880001,0.5024146626892105
206.5,3.22,0.27184155829600004,0.4734807252545283
207.5,1.63,0.13959181527999998,0.4320736958122602
208.5,1.11,0.05891776509000001,0.4011999573371909
209.5,1.53,0.109843631079,0.4320736958122602
210.5,2.08,0.20519175495000003,0.3423147345777667
211.5,1.81,0.17619443582400005,0.26936459951068
212.5,1.53,0.09760094422800003,0.26936459951068
213.5,,,0.259638689578787
214.5,,,0.259638689578787
215.5,1.1,0.10587752245000001,0.23934240880048283
216.5,1.23,0.06339152948799999,0.23934240880048283
217.5,2.82,0.19208785043700005,0.23934240880048283
218.5,1.28,0.08244645668700001,0.23719990482812944
219.5,1.3,0.07095801797000004,0.2484192972034582
220.5,1.32,0.096727256979,0.259638689578787
221.5,2.08,0.15202744536,0.290994993968585
222.5,2.5,0.19524550072499997,0.3408979386926856
223.5,1.44,0.069465818196,0.290994993968585
224.5,1.87,0.139014063026,0.3408979386926856
225.5,3.09,0.2648454776,0.37281007129649774
226.5,2.56,0.11866424475000008,0.37281007129649774
227.5,1.97,0.16703370384799998,0.3408979386926856
228.5,1.75,0.08268740107700005,0.3408979386926856
229.5,2.16,0.23186642600000004,0.409609244521814
230.5,2.57,0.23787579814899995,0.409609244521814
231.5,1.54,0.132851602388,0.3318981075309388
232.5,1.4,0.10326456615599998,0.3318981075309388
233.5,2.59,0.295915855872,0.32578601344540964
234.5,2.4,0.26647801683300004,0.32578601344540964
235.5,1.67,0.135344040552,0.2848545548309002
236.5,1.71,0.09805960293899998,0.2848545548309002
237.5,1.36,-0.027717283922999984,0.2848545548309002
238.5,1.47,0.10629807694000004,0.3318981075309388
239.5,1.72,0.11616024781600003,0.2848545548309002
240.5,1.61,0.07640269758000003,0.27060814790194343
241.5,2.45,0.16816922165200004,0.2606699964525538
242.5,2.0,0.18240477453300002,0.2606699964525538
243.5,2.1,0.18146986075000002,0.2606699964525538
244.5,1.95,0.110350735097,0.25153944182710547
245.5,1.77,0.05475753556800003,0.1873589013128212
246.5,1.15,0.065363385788,0.18277904589555588
247.5,1.37,0.04229733524800001,0.18277904589555588
248.5,1.17,0.033285657019999984,0.18277904589555588
249.5,1.73,0.10257474701599999,0.18277904589555588
250.5,1.69,0.07453508784300002,0.17153336953449516
251.5,1.44,0.057329147847999994,0.1795004600428946
252.5,2.81,0.17380617819300004,0.19338793403500226
253.5,2.46,0.12190712042399998,0.19338793403500226
254.5,3.42,0.2486307295,0.19338793403500226
255.5,,,0.1795004600428946
256.5,1.72,0.0718611524,0.15844718794473409
257.5,1.8,0.08318744080300004,0.15844718794473409
258.5,2.07,-0.02840866265300001,0.15844718794473409
259.5,1.7,0.03716860994000004,0.1403832626602769
260.5,2.18,0.05736454756000002,0.1403832626602769
261.5,1.12,0.054332252766,0.1406725016992349
262.5,1.57,0.057128651185000025,0.1406725016992349
263.5,2.49,0.15939304962500003,0.1400940236213189
264.5,1.87,-0.02530352285299998,0.1406725016992349
265.5,2.53,0.10243321343999996,0.1406725016992349
266.5,1.63,0.09180016531499997,0.1400940236213189
267.5,1.75,0.11780662479600003,0.19769863551637315
268.5,1.41,0.05069076795299998,0.22511741939143387
269.5,1.39,0.08061911633499995,0.22511741939143387
270.5,1.17,0.02071734348199999,0.22511741939143387
271.5,1.29,0.040347764011,0.22511741939143387
272.5,2.17,0.18359652603,0.2888918911016063
273.5,2.33,0.17867241745200005,0.328913065856973
274.5,1.96,0.145977553064,0.328913065856973
275.5,1.55,0.02383338235499998,0.3393903105250937
276.5,1.74,0.13839927046400002,0.3393903105250937
277.5,1.53,0.134126776602,0.3558768883889767
278.5,2.97,0.250200908602,0.3558768883889767
279.5,2.66,0.10813038852000005,0.3558768883889767
280.5,2.54,0.14512229784,0.3558768883889767
281.5,1.87,0.13549971552,0.464225846371536
282.5,1.87,0.18930569458200003,0.464225846371536
283.5,1.98,0.24696354677599996,0.464225846371536
284.5,3.39,0.349473707301,0.3558768883889767
285.5,2.89,0.22939310394000006,0.464225846371536
286.5,3.12,0.27719828886000003,0.464225846371536
287.5,2.07,0.10489423794499997,0.464225846371536
288.5,1.33,0.06765071851200001,0.365113246431751
289.5,1.88,0.11950570333799998,0.29305846504410327
290.5,2.94,0.24054553055999997,0.2572274251814556
291.5,1.94,0.10444915309299996,0.25613596360348734
292.5,2.26,0.14888877311999993,0.24183065065860276
293.5,1.67,0.09861561921199997,0.24183065065860276
294.5,1.94,0.09574739265599999,0.24183065065860276
295.5,1.63,0.07088657760599999,0.2347970275893947
296.5,1.11,0.013009701636000001,0.2347970275893947
297.5,1.24,0.052963944256000026,0.22022807918491824
298.5,2.85,0.252427396914,0.22022807918491824
299.5,2.01,0.07894143480000002,0.2037314551702061
300.5,1.6,0.08980635141800002,0.2037314551702061
301.5,2.1,0.12587053187500005,0.22022807918491824
302.5,1.19,0.03215831863200002,0.23847055189084676
303.5,1.74,0.09724541150800003,0.2861447853449953
304.5,2.22,0.08307922734300006,0.2861447853449953
305.5,1.9,0.11668638824,0.2861447853449953
306.5,1.87,0.1343766151,0.2861447853449953
307.5,1.93,0.13537037008799999,0.27900475829384147
308.5,1.77,0.13316790009600002,0.27900475829384147
309.5,2.24,0.20156219452600005,0.2861447853449953
310.5,1.98,0.08896530695600001,0.32656165609855803
311.5,1.49,0.04723444551999997,0.32656165609855803
312.5,1.12,0.11377477142500003,0.32656165609855803
313.5,1.74,0.11035787599500001,0.32656165609855803
314.5,2.91,0.24115483140000005,0.425397814022497
315.5,2.09,0.17347209184199994,0.27900475829384147
316.5,1.54,0.08275208970600001,0.27900475829384147
317.5,2.12,0.186685445952,0.27900475829384147
318.5,2.9,0.26321773965999995,0.27062565920515713
319.5,2.37,0.20122104634800003,0.23657866901038135
320.5,1.76,0.09647392451400001,0.2198313450220927
321.5,1.22,0.08281521151999997,0.2198313450220927
322.5,0.94,0.008290562192999998,0.3471894987175652
323.5,1.01,0.011778096615000021,0.34902609823718816
324.5,1.57,0.08103963916399998,0.29539268438913974
325.5,,,0.2198313450220927
326.5,2.82,0.26974895164799995,0.2498666880160441
327.5,2.16,0.23990104443200003,0.2920940014259478
328.5,2.21,0.18818333216599997,0.3254280273830911
329.5,1.77,0.144441215088,0.35420669976789804
330.5,1.26,0.08038807462399998,0.35420669976789804
331.5,1.76,0.12097002490099998,0.3431875449707608
332.5,1.56,0.11725478854,0.33423910690140285
333.5,3.59,0.3946890877200001,0.33216839017362365
334.5,,,0.29664935499828426
335.5,1.79,0.13545425854999998,0.29664935499828426
336.5,1.27,0.03477155382000001,0.33216839017362365
337.5,2.2,0.13714308510500006,0.33630982362918216
338.5,,,0.34683307248686795
339.5,1.01,0.05146488612,0.34683307248686795
340.5,3.77,0.42046755562500004,0.3415714480580251
341.5,3.46,0.32997715968600005,0.3415714480580251
342.5,1.84,0.14143433892000004,0.3725580030332642
343.5,2.84,0.31757462079,0.40406279159167285
344.5,2.24,0.16241497101200006,0.40661734675469496
345.5,2.08,0.11496920036000005,0.40661734675469496
346.5,1.78,0.116546694033,0.3982829335796605
347.5,2.08,0.16712888362199999,0.3982829335796605
348.5,1.72,0.17179769849200002,0.40661734675469496
349.5,2.47,0.16581364406600002,0.40661734675469496
350.5,1.16,0.069071403489,0.40984264960368516
351.5,1.76,0.15830158915200002,0.42129177446685173
352.5,2.5,0.26057255798000006,0.4358366935869835
353.5,3.47,0.36892303316400005,0.45038161270711546
354.5,2.57,0.22491609662199996,0.4518317619142769
355.5,2.31,0.18366018326400002,0.45328191112143834
356.5,2.0,0.184842889936,0.5024167729429662
357.5,,,0.5515516347644938
358.5,,,0.5024167729429662
359.5,,,0.45328191112143834
360.5,,,0.4518317619142769
361.5,,,0.45328191112143834
362.5,,,0.5025187741609008
363.5,,,0.3719138189416012
364.5,,,0.33384695467783027
365.5,,,0.287577909200066
366.5,,,0.33384695467783027
367.5,2.73,0.204921088144,0.287577909200066
368.5,1.65,0.09840284079999997,0.29171291137642313
369.5,1.87,0.13613875688600002,0.31277993302712676
370.5,1.07,0.06277118136,0.33384695467783027
371.5,2.38,0.19128042805499998,0.31277993302712676
372.5,1.75,0.09173376921999998,0.33384695467783027
373.5,1.59,0.11895700280000003,0.33384695467783027
374.5,2.76,0.28201937320000003,0.4397239399720872
375.5,2.54,0.26975522003999997,0.4397239399720872
376.5,1.47,0.095115070337,0.4397239399720872
377.5,2.23,0.179314113015,0.40811432901363004
378.5,2.28,0.22494794721299996,0.40811432901363004
379.5,2.24,0.22490801902800006,0.40811432901363004
380.5,2.2,0.16642409535500005,0.40811432901363004
381.5,1.96,0.10562717594999999,0.3951502682652615
382.5,1.62,0.15380148773400004,0.3962267012251035
383.5,1.78,0.12807620971200004,0.3962267012251035
384.5,1.89,0.144716150266,0.3962267012251035
385.5,3.1,0.261729714675,0.3951502682652615
386.5,1.71,0.16113750792399997,0.37716047567491645
387.5,1.66,0.16157646428699995,0.3951502682652615
388.5,3.68,0.375432836622,0.3951502682652615
389.5,2.16,0.17100438273000004,0.3951502682652615
390.5,1.75,0.140988941936,0.3951502682652615
391.5,1.19,0.12426517414999999,0.3951502682652615
392.5,1.77,0.21250789106,0.34574084548162487
393.5,1.7,0.08943854801,0.3394403446525251
394.5,1.16,0.044201314949999994,0.3394403446525251
395.5,2.57,0.011736816767999926,0.3394403446525251
396.5,2.69,0.20954920249,0.3394403446525251
397.5,1.7,0.09469568519099997,0.43455863208451634
398.5,1.61,0.138419673777,0.3394403446525251
399.5,2.29,0.21894528962,0.3394403446525251
400.5,2.14,0.17720776282999998,0.43455863208451634
401.5,3.37,0.24781064217000004,0.43455863208451634
402.5,2.74,0.22036779372900006,0.387138294922227
403.5,1.85,0.117453150431,0.39353080059675766
404.5,1.68,0.10691710080599999,0.39353080059675766
405.5,1.92,0.19559002769099998,0.387138294922227
406.5,1.9,0.15787032193999995,0.33032617057096236
407.5,1.3,0.029275839720000033,0.3178782650619771
408.5,2.09,0.160477108564,0.2880250818034228
409.5,2.1,0.134703023641,0.3178782650619771
410.5,1.62,0.09961297236800003,0.3178782650619771
411.5,1.76,0.129626918084,0.28017129168029126
412.5,2.45,0.11425046965400004,0.2698368101310457
413.5,1.23,0.05531479688799999,0.28017129168029126
414.5,3.22,0.185671787645,0.28017129168029126
415.5,1.63,0.11003619286799998,0.28017129168029126
416.5,1.36,0.05406533318000001,0.28017129168029126
417.5,1.45,0.03807683267500001,0.2750040509056685
418.5,1.88,0.1384532668,0.27954710187365234
419.5,2.23,0.11795567230800005,0.27954710187365234
420.5,2.58,0.19486240419,0.27954710187365234
421.5,1.3,0.04757991340200001,0.3143900584646147
422.5,1.49,,0.3143900584646147
423.5,2.79,0.22572005516800003,0.3143900584646147
424.5,1.37,0.09670439168000002,0.26320061344967227
425.5,3.07,0.299875468278,0.20975840823051325
426.5,4.07,0.4158446506230001,0.20975840823051325
427.5,1.66,0.07436950037,0.2689924724497008
428.5,1.31,0.058674796635,0.30084111161631605
429.5,1.23,0.032903655376000006,0.23714383328308564
430.5,1.08,0.05957652129000001,0.1823729831779409
431.5,2.15,0.12267937263399999,0.1823729831779409
432.5,2.58,0.16474503790400005,0.1823729831779409
433.5,2.24,0.20966988209200002,0.30084111161631605
434.5,1.69,0.032023832286000024,0.30084111161631605
435.5,1.15,0.07064881529999999,0.30084111161631605
436.5,1.8,0.15096016872,0.30084111161631605
437.5,2.59,0.177197360998,0.37019283676158016
438.5,2.41,0.16461722628000003,0.37019283676158016
439.5,1.58,0.08734899927600001,0.2142020249741786
440.5,1.32,0.071100305328,0.22014247107131946
441.5,2.09,0.06945680113199997,0.22014247107131946
442.5,2.0,0.16176734166999998,0.2142020249741786
443.5,2.47,0.16425070993800006,0.2142020249741786
444.5,1.13,0.05766960526599998,0.19735927067120262
445.5,1.28,0.089771441463,0.19735927067120262
446.5,1.49,0.08048072744900003,0.22014247107131946
447.5,1.79,0.07379000436000002,0.2771656334223451
448.5,1.9,0.12321064159199999,0.2771656334223451
449.5,1.49,0.08007399404400001,0.2771656334223451
450.5,2.03,0.11302479850999997,0.2771656334223451
451.5,1.93,0.14033596011500002,0.2771656334223451
452.5,2.43,0.24648705546000002,0.2771656334223451
453.5,1.93,0.13003670640999998,0.2771656334223451
454.5,1.56,0.13205445094400003,0.20689988179117885
455.5,0.79,0.005307373995999998,0.20689988179117885
456.5,1.13,0.04835823277999999,0.20689988179117885
457.5,1.81,0.08437127345999999,0.20689988179117885
458.5,1.27,0.05857676099800002,0.20689988179117885
459.5,0.74,0.012008895429999989,0.20689988179117885
460.5,1.7,0.075776274134,0.20689988179117885
461.5,1.68,0.095369122674,0.20689988179117885
462.5,2.94,0.25379369770400007,0.23386941311409518
463.5,2.31,0.17059745404800003,0.40548655647418225
464.5,2.03,0.16535252144399998,0.40548655647418225
465.5,2.2,0.19110622727500007,0.40548655647418225
466.5,1.03,0.020377184256000002,0.40548655647418225
467.5,2.04,0.176794177678,0.40548655647418225
468.5,2.41,0.22406237752800007,0.3576862289675646
469.5,1.57,0.13079769009300002,0.3576862289675646
470.5,1.53,0.04949242380000003,0.3207492966386352
471.5,1.24,0.06872419323600001,0.19257134354112598
472.5,2.31,0.07852826857999999,0.2057486452505133
473.5,1.8,0.14586012508,0.2057486452505133
474.5,2.98,0.24717197589500003,0.2057486452505133
475.5,1.39,0.05462299884899997,0.2057486452505133
476.5,1.4,0.0016428739509999687,0.2057486452505133
477.5,1.72,0.08390181310000003,0.2191877973323049
478.5,2.1,0.11632252310500006,0.22457706086304444
479.5,1.88,0.09157981363199998,0.2191877973323049
480.5,1.71,0.09639423513999999,0.2057486452505133
481.5,1.52,0.06759834011499999,0.2057486452505133
482.5,1.84,0.08938213704000003,0.21246822129140913
483.5,1.69,0.103076098968,0.2191877973323049
484.5,1.79,0.0029920792799999975,0.16576837121824567
485.5,1.37,0.028543487280000012,0.16576837121824567
486.5,1.19,-0.025392297392999977,0.16576837121824567
487.5,,,0.1654318709797214
488.5,,,0.12170575158841679
489.5,1.4,0.04963013588999999,0.12170575158841679
490.5,2.06,0.12695755215,0.13669946502740898
491.5,2.22,0.14107173127199998,0.14038905785762246
492.5,1.36,0.06746111938100004,0.1654318709797214
493.5,1.31,0.032195858112000014,0.21142203928983835
494.5,1.63,0.055744391179999984,0.2574122075999553
495.5,1.99,0.11105386675200002,0.2574122075999553
496.5,1.28,0.05724896258400002,0.2574122075999553
497.5,1.97,0.10496958998400004,0.2574122075999553
498.5,2.18,0.17889304197600003,0.2574122075999553
499.5,1.58,0.10746873067799999,0.2574122075999553
500.5,1.21,0.09085197042000001,0.26354073799855426
501.5,1.93,0.16448813726400002,0.2574122075999553
502.5,2.01,0.11365980193799993,0.26354073799855426
503.5,1.79,0.06124807718400003,0.27872282378824
504.5,1.23,0.06713996976500002,0.27872282378824
505.5,1.85,0.17887686253200002,0.27872282378824
506.5,1.29,0.07608182955000002,0.27963174701857046
507.5,2.78,0.24222182809599996,0.27963174701857046
508.5,2.67,0.19699576688299997,0.33002236829180726
509.5,2.54,0.19742745762000005,0.33002236829180726
510.5,1.82,0.09707866997400001,0.33002236829180726
511.5,1.93,0.114030449856,0.33002236829180726
512.5,2.02,0.13457913674000002,0.33002236829180726
513.5,3.03,0.2670493826,0.27963174701857046
514.5,1.59,0.08427236974800005,0.27963174701857046
515.5,1.55,0.029504802052000012,0.27963174701857046
516.5,2.18,0.17061033274000006,0.33002236829180726
517.5,1.5,0.08797422319799998,0.33002236829180726
518.5,0.94,0.030200013758999996,0.2752677614827372
519.5,1.84,0.178165406544,0.2752677614827372
520.5,2.54,0.31725375312000004,0.2752677614827372
521.5,2.56,0.347316362931,0.2885950370664448
522.5,1.81,0.11225086924999998,0.2885950370664448
523.5,1.85,0.08222987520400002,0.2885950370664448
524.5,1.47,0.122841741383,0.2885950370664448
525.5,1.7,0.09791825469999998,0.2752677614827372
526.5,1.94,0.11768557130499999,0.2654639632342469
527.5,1.58,0.12232862445999998,0.24012053500926903
528.5,0.92,0.035099398432000016,0.24012053500926903
529.5,1.5,0.108252998706,0.2621541941568672
530.5,1.51,-0.019102794971999997,0.2621541941568672
531.5,1.29,0.05465550320199999,0.2654639632342469
532.5,1.61,0.08562757352600006,0.2621541941568672
533.5,2.2,0.16147800248000005,0.25349506620753226
534.5,1.66,0.10690331484199998,0.2621541941568672
535.5,3.14,0.30127296882400006,0.2621541941568672
536.5,1.92,0.131016630128,0.3212861934460815
537.5,1.64,0.08594163068399997,0.3535176278831402
538.5,1.92,0.10337222702400002,0.39598524776121946
539.5,1.88,0.14416021989399996,0.46481140262127524
540.5,2.83,0.19724501979000006,0.46481140262127524
541.5,2.56,0.23894339996099995,0.36536366389818864
542.5,2.98,0.278999412552,0.36536366389818864
543.5,2.93,0.24921478481000012,0.46481140262127524
544.5,2.03,0.18954447734999996,0.48369509674163624
545.5,2.65,0.14899089033900004,0.48369509674163624
546.5,1.85,0.04993784155100005,0.46481140262127524
547.5,1.24,0.09694317974,0.36536366389818864
548.5,2.83,0.310358797128,0.36536366389818864
549.5,2.98,0.284582886246,0.36536366389818864
550.5,1.41,0.078741181838,0.36536366389818864
551.5,1.79,0.13194914723000004,0.36197641948603304
552.5,1.75,0.14760961296900002,0.36197641948603304
553.5,2.3,0.192255625356,0.46702540810021775
554.5,2.21,0.196554796732,0.3984043459706986
555.5,1.77,0.19044732205,0.36197641948603304
556.5,1.41,0.12420253066499996,0.36197641948603304
557.5,1.42,0.09943566634300001,0.3984043459706986
558.5,2.23,0.27037696359999996,0.44277756188909484
559.5,1.94,0.162464481519,0.3984043459706986
560.5,1.44,0.11329968576199999,0.3984043459706986
561.5,1.77,0.031097159729999966,0.38251028427818734
562.5,2.21,0.18055934315999997,0.38251028427818734
563.5,2.5,0.22858245109900002,0.3984043459706986
564.5,1.02,0.034007651724,0.3984043459706986
565.5,2.0,0.16969523648999998,0.38251028427818734
566.5,2.16,0.15598307508300002,0.38251028427818734
567.5,1.38,0.08869541142,0.38251028427818734
568.5,2.32,0.17515807632000002,0.3745485658856995
569.5,2.42,0.1655284688,0.3745485658856995
570.5,1.22,0.03253541416000001,0.3745485658856995
571.5,1.28,0.074622203167,0.3745485658856995
572.5,1.47,0.08167620258400002,0.2621308378571385
573.5,2.67,0.152736382461,0.27399337153086906
574.5,2.28,0.21759255374499994,0.27399337153086906
575.5,1.2,0.07521290952599997,0.27399337153086906
576.5,2.18,0.17713953003600003,0.3349763433670621
577.5,1.61,0.10689379042500002,0.3349763433670621
578.5,1.43,0.11173118841600001,0.3349763433670621
579.5,2.09,0.183094075848,0.3349763433670621
580.5,1.81,0.13659930795600006,0.3349763433670621
581.5,2.51,0.15661212623999995,0.358229970212596
582.5,1.54,0.06122655724899998,0.358229970212596
583.5,1.35,0.08685248775000001,0.36313174256506375
584.5,1.75,0.14808073976999997,0.384052878157437
585.5,1.69,0.14608185619400002,0.36313174256506375
586.5,1.84,0.16665414375000004,0.384052878157437
587.5,2.16,0.23213317023000005,0.4086784663530328
588.5,1.93,0.210111422973,0.4086784663530328
589.5,2.06,0.19017609811200004,0.46636029782737426
590.5,1.67,0.132201665,0.46636029782737426
591.5,2.23,0.22116504623400002,0.46636029782737426
592.5,2.94,0.2764612793799999,0.5152467989795123
593.5,1.93,0.142884733442,0.46636029782737426
594.5,3.19,0.294772426904,0.3825167105155522
595.5,2.29,0.155985695625,0.3825167105155522
596.5,1.99,0.12875524795599996,0.3825167105155522
597.5,2.62,0.25242786899200004,0.3503898097843633
598.5,1.67,0.09510764423999998,0.3503898097843633
599.5,1.14,0.06606299443199996,0.3825167105155522
600.5,1.89,0.17118630481999997,0.3825167105155522
601.5,1.59,0.13618882930400006,0.4148211413636902
602.5,1.53,0.11830147142000003,0.4197924812444417
603.5,2.26,0.18723112471,0.4148211413636902
604.5,2.44,0.18898347088,0.4173068113040659
605.5,3.71,0.463657226304,0.4288209950210612
606.5,1.89,0.16915905244599996,0.4263353250806855
607.5,2.38,0.293359280967,0.4484939903574159
608.5,1.85,-0.04827501463199997,0.4612870717933998
609.5,2.43,,0.47940554336071917
610.5,2.61,0.178549742616,0.4666124619247353
611.5,2.35,0.057210722711999985,0.4666124619247353
612.5,2.05,0.21288802139,0.4666124619247353
613.5,2.12,0.202008112556,0.410745298808122
614.5,3.54,0.44822046328700005,0.4150702908107272
615.5,2.03,0.15644420351999994,0.437849508797681
616.5,2.62,0.22273021192400005,0.4873292552918743
617.5,2.88,0.0693149035859999,0.4953754150517898
618.5,1.92,0.024339899627999997,0.4953754150517898
619.5,2.19,0.15997156254800002,0.5218081666869612
620.5,1.94,0.19872698576399997,0.5218081666869612
621.5,3.01,0.364797803077,0.5461912879654173
622.5,2.1,0.252213650748,0.6111614080879503
623.5,3.63,0.3471196530280001,0.6184921998436181
624.5,3.1,0.21278706949500004,0.6184921998436181
625.5,2.63,0.25427242343199996,0.6184921998436181
626.5,4.6,0.24922424238999996,0.6184921998436181
627.5,4.02,0.2721553460059999,0.6111614080879503
628.5,3.14,0.28980887359199997,0.5988168896152761
629.5,1.63,0.12476731417199996,0.5218081666869612
630.5,1.5,0.08681749217400002,0.41120222713928956
631.5,3.29,0.24419029681800003,0.3181581341778289
632.5,2.51,0.16768330292399997,0.3059612768062357
633.5,1.12,0.05208632037400002,0.301235007477835
634.5,1.78,0.07000998168499999,0.301235007477835
635.5,2.09,0.12974104533,0.301235007477835
636.5,1.28,0.05168090635800002,0.3181581341778289
637.5,1.15,-0.040639262105000004,0.3181581341778289
638.5,2.19,0.12283999860999993,0.301235007477835
639.5,1.91,0.197524841409,0.301235007477835
640.5,1.67,0.13159830652799998,0.301235007477835
641.5,3.57,0.377812319112,0.301235007477835
642.5,2.36,0.192120526144,0.301235007477835
643.5,1.25,0.0659786144,0.32271261233802545
644.5,1.42,0.049991295155999975,0.32271261233802545
645.5,1.06,-0.04692074493599995,0.31258089460043037
646.5,1.74,0.16058412639599998,0.31258089460043037
647.5,1.69,0.01136437835400002,0.3107335411478632
648.5,3.83,0.27443458633800005,0.3107335411478632
649.5,2.26,0.12746671437599996,0.3107335411478632
650.5,1.83,0.07715924388,0.31258089460043037
651.5,2.27,0.17523727734000002,0.393793235616194
652.5,1.77,0.126713385945,0.4297264990819784
653.5,3.7,0.37541501787200016,0.4297264990819784
654.5,1.65,0.10469193366400001,0.31258089460043037
655.5,2.33,0.217651394263,0.3107335411478632
656.5,2.55,0.25260747340799994,0.37023002011492073
657.5,2.23,0.238040544825,0.3093232946511696
658.5,1.21,-0.015177127235,0.30143196258389304
659.5,1.69,0.119874255125,0.30143196258389304
660.5,1.55,0.10575379130700001,0.33588420698901844
661.5,,,0.3079130481544759
662.5,1.45,0.12556322296,0.3079130481544759
663.5,1.85,0.12027740608800003,0.29495087701331024
664.5,2.2,0.14837582459700005,0.3079130481544759
665.5,3.39,0.2601515223060001,0.3079130481544759
666.5,3.35,,0.33588420698901844
667.5,1.98,0.17183358940300003,0.33588420698901844
668.5,1.6,0.07235049733600003,0.363855365823561
669.5,2.44,0.24144107302,0.39261757697916033
670.5,2.19,0.09677861597199999,0.42137978813475974
671.5,1.94,,0.329352819156532
672.5,2.2,,0.329352819156532
673.5,2.99,,0.23732585017830424
674.5,,,0.4147004709195845
675.5,,,0.23732585017830424
676.5,,,
677.5,,,1.2301862249040971
678.5,,,0.8350935914449792
679.5,,,0.44000095798586136
680.5,,,0.7065288884062249
681.5,3.75,,0.734767157488143
682.5,4.65,0.5016550879080001,0.5976171984691818
683.5,2.61,0.17942707761600002,0.47577512702035707
684.5,2.9,0.125155588992,0.468121183235289
685.5,4.19,0.39680082097,0.47577512702035707
686.5,4.22,0.2996291744449999,0.468121183235289
687.5,3.01,0.18777298006499998,0.47577512702035707
688.5,2.03,0.19401535177199997,0.47577512702035707
689.5,1.96,0.13070927929999998,0.47577512702035707
690.5,2.25,0.196351686566,0.48150441582778974
691.5,1.82,0.125475248064,0.48150441582778974
692.5,2.46,0.228930731407,0.47577512702035707
693.5,2.54,0.2060471963,0.47577512702035707
694.5,1.62,0.11086363701000004,0.47119068254371627
695.5,2.37,0.22755848583000002,0.47693057613303663
696.5,3.31,0.30325624052,0.47693057613303663
697.5,2.09,0.19214587067199998,0.4910391843446521
698.5,1.58,0.10369479553300001,0.4910391843446521
699.5,1.29,0.07710967226799999,0.4910391843446521
700.5,2.64,0.19448652996800006,0.5296241962903242
701.5,2.41,0.20023985003400002,0.5296241962903242
702.5,2.41,0.21597435198800005,0.5296241962903242
703.5,2.48,0.23723081352599998,0.5296241962903242
704.5,2.8,0.327894190728,0.5296241962903242
705.5,2.91,0.25343382237600004,0.5296241962903242
706.5,4.38,0.43730886292199994,0.5817504615362313
707.5,3.84,0.397255829327,0.6214843718856562
708.5,1.92,0.19905603171,0.6874181316649682
709.5,1.55,0.168045648816,0.6985072173827085
710.5,2.84,0.163851943866,0.6985072173827085
711.5,2.99,0.2803208134580001,0.8683512502659284
712.5,2.28,0.28484280871199996,0.6985072173827085
713.5,2.94,0.362022762123,0.6874181316649682
714.5,4.22,0.47473101708,0.6874181316649682
715.5,3.37,0.35410315443999996,0.6874181316649682
716.5,4.3,0.40004990648,0.6874181316649682
717.5,2.79,0.25913658852899996,0.6985072173827085
718.5,1.81,0.16632267307500004,0.6354690090085959
719.5,2.1,0.25671400903200003,0.6354690090085959
720.5,2.23,0.201461366529,0.6354690090085959
721.5,2.81,0.21529634733600006,0.6295282261923136
722.5,4.1,0.36890405805,0.567398482918242
723.5,2.45,0.23137824994700001,0.5279615559555286
724.5,3.15,0.343673085264,0.567398482918242
725.5,5.33,0.525626006277,0.567398482918242
726.5,2.23,0.18901821737199997,0.575481869334644
727.5,2.08,0.18637712240400003,0.575481869334644
728.5,1.79,0.16051257429300003,0.567398482918242
729.5,2.71,0.23467455732,0.575481869334644
730.5,2.16,0.24384845589600004,0.5306331563756175
731.5,2.28,0.2752438595899999,0.4892664624840002
732.5,2.35,0.196411130244,0.5153500910632816
733.5,2.02,0.19809703013500002,0.556716784954899
734.5,2.21,0.238416197721,0.5800695976272541
735.5,1.8,,0.5913179672031771
736.5,2.2,0.20093688079500002,0.6298127359004547
737.5,3.33,0.21937020767999996,0.6368612567845047
738.5,3.39,0.280992463,0.6368612567845047
739.5,3.0,0.31609011119999997,0.6878217379930267
740.5,2.78,0.31889186839999994,0.709771058726221
741.5,2.05,0.30404154884799994,0.6890651876491447
742.5,2.17,0.2978796714,0.730476929803297
743.5,2.34,0.22058075849999997,0.730476929803297
744.5,2.49,0.27997833549,0.730476929803297
745.5,3.45,0.3852416811520001,0.730476929803297
746.5,2.3,0.23652198432899998,0.730476929803297
747.5,2.68,0.381394200096,0.730476929803297
748.5,2.24,0.24432893628000005,0.7422222930507323
749.5,2.9,0.28988172612199997,0.7896333447149264
750.5,3.15,0.322002943082,0.8949539848034016
751.5,4.49,0.4197590187450001,0.8546842808572258
752.5,3.25,0.36495142835399996,0.8949539848034016
753.5,2.48,0.30266928870599996,0.8546842808572258
754.5,6.39,0.731658389665,0.8546842808572258
755.5,2.96,0.398300785932,0.8748191328303135
756.5,2.5,0.34852992934500004,0.885866458026323
757.5,3.74,0.43918970774400007,0.885866458026323
758.5,2.94,0.312661004808,0.9267570233676842
759.5,2.62,0.27970947008,0.9267570233676842
760.5,3.32,,0.9210217580198707
761.5,3.02,0.35753986098000007,0.8717672055625532
762.5,3.58,0.499174043933,0.9210217580198707
763.5,3.84,0.530122881468,0.8767789312492443
764.5,2.9,0.35345241854399995,0.9652645847904971
765.5,3.21,0.393623242022,1.2241020722761347
766.5,3.55,0.311414030793,1.2620492939131394
767.5,5.74,0.53458765626,1.305470898825436
768.5,,,1.377675402007846
769.5,6.22,0.8229328260000001,1.5795669367067346
770.5,6.43,0.699245516244,1.7616103877485063
771.5,6.54,0.7374813728,1.913266803007652
772.5,3.99,0.589011130512,2.3164276846001997
773.5,8.71,1.3834489784000001,2.355592305839235
774.5,8.0,1.2442696077420001,2.3170080273507883
775.5,9.21,1.4604577001640002,2.3170080273507883
776.5,12.22,1.8575425823400002,2.3170080273507883
777.5,7.01,1.06628965142,2.3170080273507883
778.5,5.09,0.8548745452500001,2.3170080273507883
779.5,6.1,0.9448478954760001,2.096370424494868
780.5,4.49,0.7226743266869999,1.7721817703266898
781.5,4.24,0.6361906886060001,1.7721817703266898
782.5,3.94,0.6437014419919999,1.7721817703266898
783.5,4.06,0.6505141171199998,1.7721817703266898
784.5,4.28,0.511938917,1.7721817703266898
785.5,5.63,0.6179723197460001,1.5952265316871161
786.5,6.32,0.7860342009450001,1.5785201146702728
787.5,5.43,0.72628589572,1.5952265316871161
788.5,8.06,1.245264737436,1.6891842652721472
789.5,6.38,0.8041942685139999,1.6891842652721472
790.5,4.35,0.597166161243,1.7810382587422955
791.5,4.31,0.5675830946499999,1.7810382587422955
792.5,9.22,1.165822224791,1.6891842652721472
793.5,6.56,0.6888289463280001,1.4644037372441097
794.5,3.5,0.5399736624420001,1.4644037372441097
795.5,4.63,0.7511179709519998,1.4644037372441097
796.5,3.28,0.382986868012,1.4832574889992014
797.5,4.48,0.4680753183470001,1.5746564653325859
798.5,4.73,0.4664415960230001,1.4494048041581635
799.5,8.23,1.0084626290400003,1.3241531429837414
800.5,4.71,0.6421258924459999,1.3612482653020237
